respID,obsID,qID,altID,choice,price,fuelEconomy,accelTime,powertrain
1,1,1,1,1,15,20,7,Gasoline
1,1,1,2,0,15,25,7,Electric
1,1,1,3,0,20,25,6,Electric
1,2,2,1,1,25,30,6,Gasoline
1,2,2,2,0,25,20,7,Gasoline
1,2,2,3,0,25,20,6,Electric
1,3,3,1,0,20,20,6,Electric
1,3,3,2,0,25,30,8,Gasoline
1,3,3,3,1,20,30,7,Gasoline
1,4,4,1,1,15,30,7,Electric
1,4,4,2,0,20,30,7,Electric
1,4,4,3,0,25,20,7,Gasoline
1,5,5,1,0,25,25,7,Gasoline
1,5,5,2,1,15,25,8,Gasoline
1,5,5,3,0,15,20,7,Electric
1,6,6,1,0,20,20,6,Electric
1,6,6,2,0,25,25,8,Electric
1,6,6,3,1,15,25,8,Gasoline
1,7,7,1,1,15,30,6,Gasoline
1,7,7,2,0,25,30,8,Electric
1,7,7,3,0,20,25,8,Gasoline
1,8,8,1,1,15,30,8,Gasoline
1,8,8,2,0,25,30,6,Electric
1,8,8,3,0,25,20,8,Gasoline
2,9,1,1,1,15,25,8,Electric
2,9,1,2,0,20,20,6,Electric
2,9,1,3,0,25,20,7,Gasoline
2,10,2,1,0,15,25,6,Gasoline
2,10,2,2,1,15,20,8,Gasoline
2,10,2,3,0,25,30,8,Electric
2,11,3,1,0,15,30,7,Electric
2,11,3,2,1,15,30,6,Gasoline
2,11,3,3,0,20,20,7,Electric
2,12,4,1,0,25,20,7,Gasoline
2,12,4,2,0,20,25,7,Electric
2,12,4,3,1,15,25,8,Electric
2,13,5,1,0,25,30,7,Electric
2,13,5,2,0,20,25,6,Electric
2,13,5,3,1,20,20,7,Gasoline
2,14,6,1,0,25,25,8,Gasoline
2,14,6,2,0,15,20,8,Electric
2,14,6,3,1,20,25,7,Gasoline
2,15,7,1,0,15,20,7,Electric
2,15,7,2,0,20,20,7,Gasoline
2,15,7,3,1,20,30,7,Gasoline
2,16,8,1,0,25,20,6,Electric
2,16,8,2,1,20,30,8,Gasoline
2,16,8,3,0,25,30,6,Gasoline
3,17,1,1,0,15,20,8,Gasoline
3,17,1,2,1,15,30,6,Gasoline
3,17,1,3,0,25,20,6,Gasoline
3,18,2,1,0,25,20,6,Gasoline
3,18,2,2,1,20,20,8,Electric
3,18,2,3,0,25,25,7,Electric
3,19,3,1,1,15,20,6,Gasoline
3,19,3,2,0,25,30,6,Gasoline
3,19,3,3,0,20,20,7,Electric
3,20,4,1,0,20,30,8,Electric
3,20,4,2,1,15,25,6,Gasoline
3,20,4,3,0,25,25,6,Gasoline
3,21,5,1,1,15,20,6,Electric
3,21,5,2,0,25,25,8,Electric
3,21,5,3,0,20,25,6,Electric
3,22,6,1,1,15,30,6,Gasoline
3,22,6,2,0,25,30,7,Electric
3,22,6,3,0,20,25,8,Gasoline
3,23,7,1,0,25,30,7,Gasoline
3,23,7,2,1,15,20,6,Electric
3,23,7,3,0,25,20,7,Electric
3,24,8,1,1,15,20,8,Gasoline
3,24,8,2,0,25,25,8,Electric
3,24,8,3,0,15,20,7,Electric
4,25,1,1,1,15,20,8,Electric
4,25,1,2,0,25,30,6,Electric
4,25,1,3,0,25,30,6,Gasoline
4,26,2,1,1,15,25,8,Gasoline
4,26,2,2,0,20,20,7,Gasoline
4,26,2,3,0,25,30,7,Gasoline
4,27,3,1,0,25,25,7,Electric
4,27,3,2,1,15,25,7,Gasoline
4,27,3,3,0,15,30,8,Gasoline
4,28,4,1,0,20,25,8,Electric
4,28,4,2,1,15,25,7,Gasoline
4,28,4,3,0,20,30,8,Gasoline
4,29,5,1,1,15,20,6,Gasoline
4,29,5,2,0,25,25,8,Gasoline
4,29,5,3,0,25,30,6,Electric
4,30,6,1,1,15,30,8,Gasoline
4,30,6,2,0,20,20,6,Gasoline
4,30,6,3,0,15,20,7,Electric
4,31,7,1,0,20,20,8,Electric
4,31,7,2,0,20,20,7,Electric
4,31,7,3,1,15,30,8,Gasoline
4,32,8,1,0,20,25,7,Electric
4,32,8,2,0,25,30,8,Gasoline
4,32,8,3,1,15,20,8,Electric
5,33,1,1,1,15,20,7,Gasoline
5,33,1,2,0,25,30,8,Gasoline
5,33,1,3,0,20,30,7,Electric
5,34,2,1,0,25,25,6,Gasoline
5,34,2,2,1,15,20,8,Gasoline
5,34,2,3,0,15,25,7,Electric
5,35,3,1,1,15,25,7,Gasoline
5,35,3,2,0,25,30,7,Gasoline
5,35,3,3,0,20,25,8,Electric
5,36,4,1,0,15,20,8,Electric
5,36,4,2,1,15,30,8,Gasoline
5,36,4,3,0,25,20,7,Electric
5,37,5,1,1,15,25,7,Gasoline
5,37,5,2,0,25,25,6,Gasoline
5,37,5,3,0,20,30,8,Gasoline
5,38,6,1,1,20,20,6,Electric
5,38,6,2,0,25,20,7,Electric
5,38,6,3,0,25,25,8,Electric
5,39,7,1,0,20,30,8,Electric
5,39,7,2,0,20,25,7,Gasoline
5,39,7,3,1,15,30,7,Gasoline
5,40,8,1,0,20,25,6,Gasoline
5,40,8,2,0,20,20,8,Electric
5,40,8,3,1,15,25,8,Electric
6,41,1,1,1,15,20,8,Electric
6,41,1,2,0,25,30,6,Gasoline
6,41,1,3,0,25,30,7,Gasoline
6,42,2,1,0,25,25,6,Electric
6,42,2,2,1,20,25,7,Gasoline
6,42,2,3,0,15,25,7,Electric
6,43,3,1,1,15,20,8,Gasoline
6,43,3,2,0,20,20,6,Electric
6,43,3,3,0,15,20,6,Electric
6,44,4,1,1,15,25,7,Electric
6,44,4,2,0,25,25,7,Gasoline
6,44,4,3,0,25,25,8,Gasoline
6,45,5,1,0,15,25,8,Electric
6,45,5,2,0,15,30,8,Electric
6,45,5,3,1,20,25,6,Gasoline
6,46,6,1,0,25,25,7,Electric
6,46,6,2,0,25,25,8,Gasoline
6,46,6,3,1,20,30,8,Electric
6,47,7,1,1,15,20,7,Electric
6,47,7,2,0,25,20,7,Electric
6,47,7,3,0,20,25,6,Electric
6,48,8,1,0,25,20,8,Gasoline
6,48,8,2,1,20,30,8,Electric
6,48,8,3,0,25,25,7,Gasoline
7,49,1,1,0,25,30,7,Gasoline
7,49,1,2,0,25,20,6,Electric
7,49,1,3,1,15,20,7,Gasoline
7,50,2,1,1,25,30,7,Gasoline
7,50,2,2,0,25,20,6,Electric
7,50,2,3,0,25,20,7,Gasoline
7,51,3,1,1,15,30,6,Gasoline
7,51,3,2,0,20,25,6,Electric
7,51,3,3,0,25,20,7,Gasoline
7,52,4,1,1,20,30,6,Gasoline
7,52,4,2,0,20,20,8,Electric
7,52,4,3,0,25,30,6,Gasoline
7,53,5,1,0,20,20,8,Electric
7,53,5,2,1,15,30,7,Electric
7,53,5,3,0,25,20,6,Electric
7,54,6,1,0,25,30,8,Gasoline
7,54,6,2,1,15,20,6,Electric
7,54,6,3,0,25,30,7,Gasoline
7,55,7,1,0,25,20,6,Gasoline
7,55,7,2,1,15,30,6,Gasoline
7,55,7,3,0,20,20,7,Gasoline
7,56,8,1,0,25,30,8,Electric
7,56,8,2,1,25,20,8,Gasoline
7,56,8,3,0,20,25,6,Electric
8,57,1,1,0,20,20,8,Gasoline
8,57,1,2,1,15,30,8,Gasoline
8,57,1,3,0,20,25,7,Electric
8,58,2,1,0,20,20,6,Electric
8,58,2,2,0,25,20,6,Gasoline
8,58,2,3,1,15,20,8,Electric
8,59,3,1,0,25,30,8,Gasoline
8,59,3,2,0,15,25,7,Electric
8,59,3,3,1,15,30,6,Gasoline
8,60,4,1,0,25,25,8,Electric
8,60,4,2,0,25,25,7,Electric
8,60,4,3,1,15,25,7,Gasoline
8,61,5,1,1,15,20,6,Gasoline
8,61,5,2,0,25,20,6,Gasoline
8,61,5,3,0,20,20,7,Electric
8,62,6,1,0,25,25,8,Electric
8,62,6,2,1,15,30,7,Gasoline
8,62,6,3,0,25,20,7,Electric
8,63,7,1,0,25,20,7,Electric
8,63,7,2,1,15,30,8,Electric
8,63,7,3,0,20,30,6,Gasoline
8,64,8,1,0,25,30,7,Gasoline
8,64,8,2,0,25,25,7,Electric
8,64,8,3,1,20,25,7,Gasoline
9,65,1,1,0,20,20,8,Gasoline
9,65,1,2,1,15,25,8,Electric
9,65,1,3,0,20,30,6,Electric
9,66,2,1,0,25,25,6,Gasoline
9,66,2,2,1,15,30,6,Electric
9,66,2,3,0,20,25,8,Gasoline
9,67,3,1,1,15,30,8,Electric
9,67,3,2,0,25,20,8,Electric
9,67,3,3,0,25,25,8,Gasoline
9,68,4,1,1,20,25,7,Gasoline
9,68,4,2,0,20,30,8,Electric
9,68,4,3,0,25,20,8,Gasoline
9,69,5,1,0,20,30,8,Gasoline
9,69,5,2,0,25,25,8,Gasoline
9,69,5,3,1,20,30,6,Gasoline
9,70,6,1,0,20,25,6,Electric
9,70,6,2,1,20,30,6,Electric
9,70,6,3,0,20,25,8,Electric
9,71,7,1,0,25,30,8,Electric
9,71,7,2,1,15,25,8,Gasoline
9,71,7,3,0,20,30,6,Gasoline
9,72,8,1,1,15,30,8,Electric
9,72,8,2,0,25,25,8,Electric
9,72,8,3,0,25,20,7,Gasoline
10,73,1,1,0,15,25,6,Electric
10,73,1,2,1,15,20,6,Gasoline
10,73,1,3,0,20,25,6,Electric
10,74,2,1,1,25,20,6,Gasoline
10,74,2,2,0,25,20,7,Gasoline
10,74,2,3,0,25,25,6,Gasoline
10,75,3,1,0,25,30,6,Gasoline
10,75,3,2,1,15,20,6,Gasoline
10,75,3,3,0,25,20,6,Gasoline
10,76,4,1,0,25,25,8,Gasoline
10,76,4,2,0,25,30,7,Gasoline
10,76,4,3,1,15,25,8,Gasoline
10,77,5,1,0,25,25,6,Electric
10,77,5,2,1,20,25,8,Electric
10,77,5,3,0,25,25,8,Electric
10,78,6,1,0,25,20,7,Gasoline
10,78,6,2,1,15,25,7,Electric
10,78,6,3,0,25,30,6,Electric
10,79,7,1,0,15,25,8,Electric
10,79,7,2,0,25,20,6,Electric
10,79,7,3,1,20,30,7,Gasoline
10,80,8,1,0,15,25,6,Electric
10,80,8,2,1,15,30,7,Electric
10,80,8,3,0,25,20,6,Electric
11,81,1,1,0,20,20,8,Electric
11,81,1,2,0,20,30,7,Electric
11,81,1,3,1,20,25,6,Gasoline
11,82,2,1,0,25,25,7,Electric
11,82,2,2,0,20,20,6,Electric
11,82,2,3,1,20,30,6,Gasoline
11,83,3,1,0,25,25,6,Electric
11,83,3,2,0,25,20,7,Gasoline
11,83,3,3,1,20,25,6,Electric
11,84,4,1,0,15,30,7,Gasoline
11,84,4,2,0,25,30,7,Electric
11,84,4,3,1,15,25,6,Gasoline
11,85,5,1,0,25,20,6,Electric
11,85,5,2,1,15,20,8,Gasoline
11,85,5,3,0,20,30,6,Gasoline
11,86,6,1,0,15,25,6,Electric
11,86,6,2,1,15,25,8,Gasoline
11,86,6,3,0,20,25,6,Gasoline
11,87,7,1,0,20,25,7,Electric
11,87,7,2,1,15,20,8,Gasoline
11,87,7,3,0,25,25,6,Electric
11,88,8,1,1,15,20,6,Electric
11,88,8,2,0,15,20,8,Electric
11,88,8,3,0,20,30,8,Electric
12,89,1,1,1,15,30,8,Electric
12,89,1,2,0,25,20,8,Electric
12,89,1,3,0,25,20,6,Gasoline
12,90,2,1,0,25,30,7,Electric
12,90,2,2,1,15,25,8,Electric
12,90,2,3,0,20,30,8,Gasoline
12,91,3,1,0,25,25,6,Electric
12,91,3,2,1,20,30,6,Electric
12,91,3,3,0,25,25,7,Electric
12,92,4,1,1,15,30,8,Gasoline
12,92,4,2,0,20,20,6,Gasoline
12,92,4,3,0,20,30,8,Gasoline
12,93,5,1,0,15,20,8,Electric
12,93,5,2,0,25,25,6,Electric
12,93,5,3,1,20,25,8,Gasoline
12,94,6,1,0,20,20,6,Electric
12,94,6,2,1,15,20,6,Gasoline
12,94,6,3,0,15,25,6,Electric
12,95,7,1,0,20,30,8,Electric
12,95,7,2,1,20,30,6,Electric
12,95,7,3,0,20,20,7,Electric
12,96,8,1,0,25,20,8,Electric
12,96,8,2,0,25,20,8,Gasoline
12,96,8,3,1,15,20,7,Electric
13,97,1,1,0,20,25,7,Electric
13,97,1,2,1,20,25,6,Electric
13,97,1,3,0,25,30,8,Gasoline
13,98,2,1,0,20,30,7,Gasoline
13,98,2,2,1,15,30,8,Electric
13,98,2,3,0,25,30,8,Electric
13,99,3,1,0,20,20,6,Gasoline
13,99,3,2,1,20,30,6,Gasoline
13,99,3,3,0,25,30,8,Gasoline
13,100,4,1,0,15,30,7,Electric
13,100,4,2,0,25,30,7,Electric
13,100,4,3,1,15,25,7,Gasoline
13,101,5,1,0,25,30,6,Gasoline
13,101,5,2,0,20,30,7,Gasoline
13,101,5,3,1,20,30,8,Gasoline
13,102,6,1,0,25,20,8,Gasoline
13,102,6,2,0,20,20,6,Electric
13,102,6,3,1,15,30,6,Electric
13,103,7,1,1,15,25,8,Gasoline
13,103,7,2,0,15,20,7,Gasoline
13,103,7,3,0,20,25,7,Electric
13,104,8,1,1,15,20,7,Gasoline
13,104,8,2,0,25,20,8,Electric
13,104,8,3,0,15,20,8,Gasoline
14,105,1,1,1,20,30,8,Gasoline
14,105,1,2,0,15,20,7,Electric
14,105,1,3,0,25,25,7,Gasoline
14,106,2,1,0,25,20,6,Electric
14,106,2,2,0,20,25,7,Electric
14,106,2,3,1,20,30,7,Gasoline
14,107,3,1,0,15,30,8,Electric
14,107,3,2,0,25,30,6,Electric
14,107,3,3,1,20,20,7,Gasoline
14,108,4,1,0,25,25,6,Electric
14,108,4,2,0,25,20,6,Gasoline
14,108,4,3,1,20,25,8,Gasoline
14,109,5,1,0,25,25,7,Electric
14,109,5,2,0,20,25,8,Electric
14,109,5,3,1,15,20,8,Electric
14,110,6,1,1,20,25,8,Electric
14,110,6,2,0,25,30,8,Electric
14,110,6,3,0,25,20,8,Electric
14,111,7,1,0,20,30,6,Electric
14,111,7,2,1,15,25,8,Gasoline
14,111,7,3,0,20,30,7,Electric
14,112,8,1,0,15,20,6,Gasoline
14,112,8,2,1,15,25,6,Gasoline
14,112,8,3,0,25,30,7,Gasoline
15,113,1,1,0,20,25,8,Electric
15,113,1,2,1,15,25,7,Gasoline
15,113,1,3,0,15,25,6,Electric
15,114,2,1,0,20,20,7,Gasoline
15,114,2,2,1,15,20,7,Gasoline
15,114,2,3,0,20,25,7,Gasoline
15,115,3,1,1,15,30,6,Electric
15,115,3,2,0,25,25,6,Electric
15,115,3,3,0,20,25,8,Gasoline
15,116,4,1,0,20,30,7,Gasoline
15,116,4,2,1,15,20,6,Electric
15,116,4,3,0,15,30,7,Electric
15,117,5,1,0,25,20,7,Gasoline
15,117,5,2,1,20,20,6,Gasoline
15,117,5,3,0,25,30,6,Electric
15,118,6,1,0,20,20,8,Gasoline
15,118,6,2,1,15,20,8,Gasoline
15,118,6,3,0,15,25,8,Electric
15,119,7,1,0,20,25,8,Electric
15,119,7,2,1,25,20,6,Gasoline
15,119,7,3,0,25,25,8,Gasoline
15,120,8,1,1,15,25,6,Gasoline
15,120,8,2,0,25,20,8,Electric
15,120,8,3,0,20,25,6,Electric
16,121,1,1,1,20,30,7,Gasoline
16,121,1,2,0,20,20,7,Electric
16,121,1,3,0,20,20,6,Electric
16,122,2,1,0,20,25,8,Electric
16,122,2,2,0,15,20,6,Electric
16,122,2,3,1,15,20,7,Gasoline
16,123,3,1,0,25,30,7,Electric
16,123,3,2,1,20,30,6,Electric
16,123,3,3,0,25,20,8,Electric
16,124,4,1,1,15,25,6,Gasoline
16,124,4,2,0,25,30,8,Electric
16,124,4,3,0,25,25,8,Gasoline
16,125,5,1,0,20,20,7,Electric
16,125,5,2,1,15,20,8,Gasoline
16,125,5,3,0,20,25,6,Gasoline
16,126,6,1,1,15,25,6,Gasoline
16,126,6,2,0,25,20,8,Electric
16,126,6,3,0,20,30,7,Gasoline
16,127,7,1,1,15,30,8,Gasoline
16,127,7,2,0,20,25,8,Electric
16,127,7,3,0,25,30,6,Gasoline
16,128,8,1,0,15,25,6,Electric
16,128,8,2,0,20,25,6,Electric
16,128,8,3,1,15,30,6,Electric
17,129,1,1,0,15,25,7,Electric
17,129,1,2,0,20,25,8,Electric
17,129,1,3,1,15,20,6,Gasoline
17,130,2,1,0,15,30,8,Electric
17,130,2,2,0,20,20,7,Electric
17,130,2,3,1,15,25,7,Gasoline
17,131,3,1,0,15,25,8,Gasoline
17,131,3,2,1,15,30,8,Gasoline
17,131,3,3,0,25,30,8,Electric
17,132,4,1,0,25,20,7,Gasoline
17,132,4,2,0,20,25,7,Electric
17,132,4,3,1,25,25,8,Gasoline
17,133,5,1,0,15,25,8,Electric
17,133,5,2,1,15,20,8,Gasoline
17,133,5,3,0,15,30,6,Electric
17,134,6,1,0,25,20,7,Gasoline
17,134,6,2,0,25,25,8,Electric
17,134,6,3,1,25,30,7,Gasoline
17,135,7,1,1,20,30,6,Gasoline
17,135,7,2,0,25,30,6,Gasoline
17,135,7,3,0,20,30,6,Electric
17,136,8,1,0,15,25,8,Electric
17,136,8,2,1,15,20,8,Gasoline
17,136,8,3,0,25,30,6,Gasoline
18,137,1,1,0,25,30,8,Electric
18,137,1,2,0,25,20,6,Gasoline
18,137,1,3,1,20,30,8,Gasoline
18,138,2,1,0,15,30,6,Electric
18,138,2,2,1,20,20,7,Gasoline
18,138,2,3,0,20,30,6,Electric
18,139,3,1,0,25,25,7,Electric
18,139,3,2,1,20,25,8,Gasoline
18,139,3,3,0,25,30,8,Electric
18,140,4,1,0,20,20,6,Electric
18,140,4,2,1,15,30,7,Electric
18,140,4,3,0,20,20,7,Gasoline
18,141,5,1,0,20,20,7,Electric
18,141,5,2,0,20,30,6,Electric
18,141,5,3,1,20,25,8,Gasoline
18,142,6,1,0,15,25,6,Electric
18,142,6,2,0,20,30,6,Electric
18,142,6,3,1,15,25,8,Gasoline
18,143,7,1,0,25,25,7,Gasoline
18,143,7,2,0,15,20,7,Gasoline
18,143,7,3,1,15,25,6,Gasoline
18,144,8,1,1,15,20,8,Electric
18,144,8,2,0,20,30,8,Electric
18,144,8,3,0,25,20,6,Electric
19,145,1,1,1,15,30,7,Gasoline
19,145,1,2,0,25,30,6,Gasoline
19,145,1,3,0,25,25,6,Electric
19,146,2,1,0,15,20,7,Electric
19,146,2,2,0,15,30,7,Electric
19,146,2,3,1,20,25,6,Gasoline
19,147,3,1,0,25,30,6,Gasoline
19,147,3,2,0,25,30,7,Gasoline
19,147,3,3,1,20,30,7,Gasoline
19,148,4,1,0,20,20,7,Electric
19,148,4,2,1,25,30,6,Gasoline
19,148,4,3,0,20,30,8,Electric
19,149,5,1,1,15,20,7,Electric
19,149,5,2,0,25,30,6,Electric
19,149,5,3,0,20,30,8,Electric
19,150,6,1,1,15,25,8,Gasoline
19,150,6,2,0,20,20,8,Electric
19,150,6,3,0,25,30,8,Electric
19,151,7,1,1,15,30,7,Gasoline
19,151,7,2,0,25,30,6,Electric
19,151,7,3,0,25,25,8,Gasoline
19,152,8,1,1,25,25,6,Gasoline
19,152,8,2,0,25,20,8,Gasoline
19,152,8,3,0,25,25,8,Electric
20,153,1,1,0,20,25,8,Electric
20,153,1,2,0,20,20,7,Gasoline
20,153,1,3,1,20,20,6,Gasoline
20,154,2,1,0,15,20,6,Electric
20,154,2,2,1,15,25,8,Gasoline
20,154,2,3,0,25,20,7,Gasoline
20,155,3,1,0,15,20,7,Electric
20,155,3,2,0,15,30,8,Electric
20,155,3,3,1,15,20,8,Gasoline
20,156,4,1,0,20,20,7,Electric
20,156,4,2,0,25,20,7,Electric
20,156,4,3,1,20,20,8,Gasoline
20,157,5,1,1,15,25,6,Gasoline
20,157,5,2,0,25,30,8,Electric
20,157,5,3,0,25,30,6,Electric
20,158,6,1,0,25,25,7,Electric
20,158,6,2,0,25,25,7,Gasoline
20,158,6,3,1,15,20,8,Electric
20,159,7,1,0,20,30,8,Gasoline
20,159,7,2,1,15,30,6,Gasoline
20,159,7,3,0,20,20,7,Electric
20,160,8,1,0,15,25,8,Electric
20,160,8,2,0,15,30,8,Electric
20,160,8,3,1,20,20,7,Gasoline
21,161,1,1,1,15,25,6,Gasoline
21,161,1,2,0,15,30,7,Electric
21,161,1,3,0,15,30,8,Electric
21,162,2,1,1,25,25,6,Gasoline
21,162,2,2,0,20,25,8,Electric
21,162,2,3,0,25,30,6,Gasoline
21,163,3,1,0,20,25,8,Gasoline
21,163,3,2,1,15,30,6,Electric
21,163,3,3,0,25,30,6,Electric
21,164,4,1,0,20,30,6,Electric
21,164,4,2,0,20,30,8,Electric
21,164,4,3,1,25,30,8,Gasoline
21,165,5,1,0,20,20,6,Gasoline
21,165,5,2,1,15,30,8,Gasoline
21,165,5,3,0,25,25,6,Gasoline
21,166,6,1,0,25,30,6,Gasoline
21,166,6,2,0,25,25,7,Electric
21,166,6,3,1,15,20,7,Gasoline
21,167,7,1,1,20,25,6,Gasoline
21,167,7,2,0,20,25,7,Gasoline
21,167,7,3,0,20,20,7,Gasoline
21,168,8,1,1,15,25,8,Gasoline
21,168,8,2,0,15,25,6,Electric
21,168,8,3,0,25,30,8,Electric
22,169,1,1,0,25,30,7,Electric
22,169,1,2,0,20,25,8,Electric
22,169,1,3,1,25,20,7,Gasoline
22,170,2,1,0,25,20,7,Gasoline
22,170,2,2,1,20,20,6,Gasoline
22,170,2,3,0,15,25,7,Electric
22,171,3,1,0,25,30,8,Gasoline
22,171,3,2,0,20,25,6,Gasoline
22,171,3,3,1,15,25,6,Gasoline
22,172,4,1,0,20,30,8,Electric
22,172,4,2,0,25,20,6,Electric
22,172,4,3,1,20,30,7,Gasoline
22,173,5,1,0,25,30,7,Electric
22,173,5,2,0,25,25,8,Gasoline
22,173,5,3,1,20,20,7,Gasoline
22,174,6,1,0,25,20,7,Electric
22,174,6,2,1,15,30,6,Electric
22,174,6,3,0,25,30,8,Electric
22,175,7,1,0,25,30,8,Gasoline
22,175,7,2,0,25,20,6,Gasoline
22,175,7,3,1,20,20,7,Electric
22,176,8,1,0,15,25,7,Electric
22,176,8,2,0,15,20,8,Electric
22,176,8,3,1,15,20,6,Electric
23,177,1,1,0,20,20,6,Electric
23,177,1,2,0,25,20,7,Gasoline
23,177,1,3,1,25,30,7,Gasoline
23,178,2,1,1,15,25,7,Gasoline
23,178,2,2,0,25,25,6,Electric
23,178,2,3,0,25,20,6,Gasoline
23,179,3,1,1,15,30,6,Electric
23,179,3,2,0,25,20,7,Gasoline
23,179,3,3,0,25,25,7,Electric
23,180,4,1,0,15,25,8,Electric
23,180,4,2,1,15,25,6,Electric
23,180,4,3,0,20,25,8,Electric
23,181,5,1,0,20,20,6,Gasoline
23,181,5,2,0,20,25,6,Gasoline
23,181,5,3,1,15,30,7,Gasoline
23,182,6,1,0,20,25,6,Electric
23,182,6,2,0,25,20,6,Electric
23,182,6,3,1,25,25,6,Gasoline
23,183,7,1,1,25,25,6,Gasoline
23,183,7,2,0,20,20,7,Electric
23,183,7,3,0,25,20,8,Electric
23,184,8,1,0,20,30,6,Gasoline
23,184,8,2,0,25,20,8,Electric
23,184,8,3,1,15,20,6,Gasoline
24,185,1,1,0,20,30,7,Electric
24,185,1,2,0,20,25,6,Gasoline
24,185,1,3,1,20,20,8,Gasoline
24,186,2,1,0,25,25,8,Gasoline
24,186,2,2,0,25,30,7,Gasoline
24,186,2,3,1,15,25,8,Gasoline
24,187,3,1,0,20,25,6,Electric
24,187,3,2,0,25,20,7,Gasoline
24,187,3,3,1,20,20,8,Gasoline
24,188,4,1,1,15,25,6,Gasoline
24,188,4,2,0,15,25,6,Electric
24,188,4,3,0,25,30,7,Electric
24,189,5,1,1,20,20,6,Gasoline
24,189,5,2,0,25,25,7,Gasoline
24,189,5,3,0,15,25,8,Electric
24,190,6,1,0,15,30,8,Gasoline
24,190,6,2,1,15,30,6,Gasoline
24,190,6,3,0,25,20,6,Gasoline
24,191,7,1,0,25,30,7,Electric
24,191,7,2,1,20,25,8,Gasoline
24,191,7,3,0,20,25,8,Electric
24,192,8,1,1,20,20,8,Electric
24,192,8,2,0,20,20,6,Electric
24,192,8,3,0,20,25,8,Electric
25,193,1,1,1,15,25,6,Gasoline
25,193,1,2,0,15,30,8,Gasoline
25,193,1,3,0,20,20,6,Electric
25,194,2,1,0,20,20,7,Gasoline
25,194,2,2,0,25,30,8,Gasoline
25,194,2,3,1,15,25,6,Gasoline
25,195,3,1,0,15,20,7,Electric
25,195,3,2,0,20,20,6,Gasoline
25,195,3,3,1,15,20,8,Gasoline
25,196,4,1,0,20,30,6,Electric
25,196,4,2,1,15,25,8,Gasoline
25,196,4,3,0,15,20,8,Gasoline
25,197,5,1,0,25,25,6,Electric
25,197,5,2,1,25,20,6,Gasoline
25,197,5,3,0,20,20,8,Electric
25,198,6,1,1,15,20,6,Gasoline
25,198,6,2,0,20,30,6,Electric
25,198,6,3,0,20,25,8,Gasoline
25,199,7,1,0,25,30,6,Gasoline
25,199,7,2,1,20,25,6,Gasoline
25,199,7,3,0,25,30,7,Electric
25,200,8,1,1,15,30,6,Electric
25,200,8,2,0,20,30,7,Gasoline
25,200,8,3,0,25,30,7,Electric
26,201,1,1,0,20,20,8,Electric
26,201,1,2,1,15,30,6,Gasoline
26,201,1,3,0,25,25,6,Gasoline
26,202,2,1,0,15,20,6,Electric
26,202,2,2,1,15,25,7,Gasoline
26,202,2,3,0,25,30,8,Gasoline
26,203,3,1,0,20,30,7,Gasoline
26,203,3,2,0,20,25,8,Gasoline
26,203,3,3,1,15,30,7,Electric
26,204,4,1,0,20,20,8,Gasoline
26,204,4,2,1,20,20,6,Gasoline
26,204,4,3,0,25,30,7,Gasoline
26,205,5,1,1,15,25,6,Gasoline
26,205,5,2,0,15,30,7,Electric
26,205,5,3,0,25,20,7,Electric
26,206,6,1,0,25,20,7,Electric
26,206,6,2,0,20,25,8,Gasoline
26,206,6,3,1,15,30,8,Gasoline
26,207,7,1,0,25,30,8,Electric
26,207,7,2,0,25,20,8,Electric
26,207,7,3,1,15,25,7,Electric
26,208,8,1,1,15,30,6,Gasoline
26,208,8,2,0,15,25,6,Gasoline
26,208,8,3,0,15,20,8,Electric
27,209,1,1,0,25,20,6,Electric
27,209,1,2,1,15,25,7,Gasoline
27,209,1,3,0,25,20,7,Gasoline
27,210,2,1,1,15,20,6,Gasoline
27,210,2,2,0,25,30,7,Electric
27,210,2,3,0,15,25,7,Gasoline
27,211,3,1,0,25,30,6,Electric
27,211,3,2,0,25,25,7,Electric
27,211,3,3,1,20,30,8,Electric
27,212,4,1,1,25,30,7,Gasoline
27,212,4,2,0,25,20,8,Electric
27,212,4,3,0,25,20,8,Gasoline
27,213,5,1,0,25,25,6,Electric
27,213,5,2,1,15,20,8,Electric
27,213,5,3,0,15,25,8,Electric
27,214,6,1,0,20,20,8,Electric
27,214,6,2,0,20,30,7,Electric
27,214,6,3,1,20,30,8,Electric
27,215,7,1,1,20,25,6,Gasoline
27,215,7,2,0,15,20,7,Electric
27,215,7,3,0,20,20,6,Gasoline
27,216,8,1,0,25,30,7,Electric
27,216,8,2,1,15,25,6,Gasoline
27,216,8,3,0,20,25,7,Electric
28,217,1,1,0,15,25,6,Gasoline
28,217,1,2,0,15,25,6,Electric
28,217,1,3,1,15,20,7,Gasoline
28,218,2,1,1,15,20,6,Electric
28,218,2,2,0,20,30,7,Electric
28,218,2,3,0,25,30,6,Electric
28,219,3,1,0,20,20,8,Gasoline
28,219,3,2,0,25,25,8,Gasoline
28,219,3,3,1,20,25,6,Gasoline
28,220,4,1,1,15,20,6,Gasoline
28,220,4,2,0,25,20,8,Electric
28,220,4,3,0,15,25,8,Electric
28,221,5,1,0,25,20,8,Electric
28,221,5,2,1,20,20,6,Gasoline
28,221,5,3,0,15,30,6,Electric
28,222,6,1,0,25,20,8,Gasoline
28,222,6,2,0,20,30,6,Gasoline
28,222,6,3,1,15,25,6,Gasoline
28,223,7,1,0,20,20,6,Electric
28,223,7,2,0,20,20,8,Gasoline
28,223,7,3,1,20,30,6,Gasoline
28,224,8,1,0,20,30,6,Electric
28,224,8,2,1,25,20,7,Gasoline
28,224,8,3,0,20,20,6,Electric
29,225,1,1,0,25,30,8,Electric
29,225,1,2,0,25,30,7,Electric
29,225,1,3,1,25,30,7,Gasoline
29,226,2,1,0,25,20,8,Electric
29,226,2,2,0,20,25,8,Electric
29,226,2,3,1,20,20,6,Gasoline
29,227,3,1,0,15,25,7,Electric
29,227,3,2,1,20,25,7,Gasoline
29,227,3,3,0,20,30,6,Electric
29,228,4,1,1,15,25,8,Electric
29,228,4,2,0,25,20,7,Electric
29,228,4,3,0,25,30,6,Electric
29,229,5,1,1,20,30,6,Gasoline
29,229,5,2,0,25,25,6,Electric
29,229,5,3,0,20,30,7,Gasoline
29,230,6,1,0,20,30,8,Gasoline
29,230,6,2,0,20,30,7,Gasoline
29,230,6,3,1,15,25,7,Gasoline
29,231,7,1,1,15,30,8,Electric
29,231,7,2,0,15,30,6,Electric
29,231,7,3,0,25,20,7,Electric
29,232,8,1,0,20,30,8,Electric
29,232,8,2,0,25,20,7,Gasoline
29,232,8,3,1,15,20,8,Electric
30,233,1,1,0,20,25,7,Electric
30,233,1,2,1,15,25,7,Gasoline
30,233,1,3,0,25,30,6,Gasoline
30,234,2,1,0,20,30,6,Electric
30,234,2,2,0,20,20,8,Gasoline
30,234,2,3,1,15,30,6,Electric
30,235,3,1,0,25,25,8,Electric
30,235,3,2,0,20,20,8,Electric
30,235,3,3,1,15,20,6,Electric
30,236,4,1,1,15,25,6,Gasoline
30,236,4,2,0,25,20,7,Electric
30,236,4,3,0,20,20,7,Gasoline
30,237,5,1,1,15,30,6,Gasoline
30,237,5,2,0,20,25,7,Electric
30,237,5,3,0,20,30,8,Electric
30,238,6,1,0,25,20,7,Electric
30,238,6,2,1,20,25,7,Gasoline
30,238,6,3,0,15,30,6,Electric
30,239,7,1,1,20,20,7,Gasoline
30,239,7,2,0,20,25,7,Electric
30,239,7,3,0,25,25,8,Electric
30,240,8,1,1,20,20,6,Electric
30,240,8,2,0,25,30,8,Electric
30,240,8,3,0,25,20,7,Electric
31,241,1,1,0,20,30,6,Electric
31,241,1,2,1,20,30,8,Gasoline
31,241,1,3,0,25,25,8,Gasoline
31,242,2,1,0,20,30,6,Gasoline
31,242,2,2,0,15,30,7,Electric
31,242,2,3,1,20,30,8,Gasoline
31,243,3,1,1,15,25,8,Gasoline
31,243,3,2,0,25,25,6,Gasoline
31,243,3,3,0,25,25,7,Gasoline
31,244,4,1,1,20,30,7,Gasoline
31,244,4,2,0,20,25,8,Electric
31,244,4,3,0,25,25,7,Gasoline
31,245,5,1,0,20,25,6,Gasoline
31,245,5,2,0,25,30,8,Electric
31,245,5,3,1,20,20,6,Gasoline
31,246,6,1,0,20,25,6,Gasoline
31,246,6,2,0,25,20,8,Gasoline
31,246,6,3,1,15,25,6,Gasoline
31,247,7,1,0,20,30,8,Electric
31,247,7,2,1,20,30,6,Gasoline
31,247,7,3,0,20,30,6,Electric
31,248,8,1,1,20,25,7,Gasoline
31,248,8,2,0,25,30,7,Gasoline
31,248,8,3,0,25,20,6,Gasoline
32,249,1,1,0,15,30,8,Electric
32,249,1,2,1,15,30,6,Gasoline
32,249,1,3,0,15,30,7,Electric
32,250,2,1,1,15,30,6,Gasoline
32,250,2,2,0,15,25,8,Gasoline
32,250,2,3,0,15,25,6,Electric
32,251,3,1,1,25,20,8,Gasoline
32,251,3,2,0,25,30,8,Electric
32,251,3,3,0,20,20,8,Gasoline
32,252,4,1,0,25,30,7,Gasoline
32,252,4,2,0,15,20,7,Electric
32,252,4,3,1,15,30,7,Gasoline
32,253,5,1,1,20,30,8,Gasoline
32,253,5,2,0,25,20,7,Electric
32,253,5,3,0,20,30,6,Gasoline
32,254,6,1,0,25,20,6,Gasoline
32,254,6,2,0,15,20,7,Gasoline
32,254,6,3,1,15,20,6,Gasoline
32,255,7,1,0,25,25,8,Gasoline
32,255,7,2,0,20,20,8,Gasoline
32,255,7,3,1,15,25,8,Electric
32,256,8,1,1,15,20,8,Gasoline
32,256,8,2,0,25,30,6,Gasoline
32,256,8,3,0,15,25,7,Electric
33,257,1,1,0,25,20,6,Electric
33,257,1,2,0,25,30,6,Electric
33,257,1,3,1,25,25,6,Electric
33,258,2,1,0,15,25,7,Electric
33,258,2,2,0,25,20,7,Electric
33,258,2,3,1,15,30,6,Gasoline
33,259,3,1,0,20,30,6,Electric
33,259,3,2,1,15,25,6,Electric
33,259,3,3,0,20,25,8,Electric
33,260,4,1,1,15,25,7,Electric
33,260,4,2,0,25,25,7,Gasoline
33,260,4,3,0,25,30,8,Gasoline
33,261,5,1,0,20,25,6,Electric
33,261,5,2,0,20,20,7,Electric
33,261,5,3,1,20,30,6,Gasoline
33,262,6,1,1,15,25,8,Gasoline
33,262,6,2,0,20,30,8,Electric
33,262,6,3,0,15,20,7,Electric
33,263,7,1,1,20,30,6,Gasoline
33,263,7,2,0,25,20,6,Electric
33,263,7,3,0,25,25,7,Gasoline
33,264,8,1,0,25,20,6,Electric
33,264,8,2,0,20,20,8,Gasoline
33,264,8,3,1,15,25,7,Gasoline
34,265,1,1,0,15,20,7,Electric
34,265,1,2,1,15,20,7,Gasoline
34,265,1,3,0,20,20,8,Gasoline
34,266,2,1,0,15,30,8,Electric
34,266,2,2,0,25,30,8,Electric
34,266,2,3,1,20,25,7,Gasoline
34,267,3,1,1,15,20,6,Gasoline
34,267,3,2,0,15,30,6,Electric
34,267,3,3,0,15,20,8,Electric
34,268,4,1,1,20,20,6,Gasoline
34,268,4,2,0,25,30,6,Electric
34,268,4,3,0,25,25,6,Gasoline
34,269,5,1,0,20,25,8,Electric
34,269,5,2,0,25,25,6,Electric
34,269,5,3,1,25,25,8,Gasoline
34,270,6,1,0,25,20,6,Electric
34,270,6,2,0,15,20,6,Electric
34,270,6,3,1,15,20,8,Gasoline
34,271,7,1,1,15,20,8,Gasoline
34,271,7,2,0,20,30,6,Electric
34,271,7,3,0,25,25,6,Gasoline
34,272,8,1,0,25,25,8,Electric
34,272,8,2,1,20,30,7,Electric
34,272,8,3,0,20,25,6,Electric
35,273,1,1,1,15,30,8,Electric
35,273,1,2,0,20,25,8,Gasoline
35,273,1,3,0,25,25,6,Electric
35,274,2,1,1,15,25,6,Gasoline
35,274,2,2,0,25,20,7,Electric
35,274,2,3,0,20,20,8,Gasoline
35,275,3,1,0,25,20,8,Electric
35,275,3,2,0,25,20,8,Gasoline
35,275,3,3,1,25,25,6,Gasoline
35,276,4,1,1,15,20,8,Gasoline
35,276,4,2,0,20,20,6,Gasoline
35,276,4,3,0,20,25,8,Gasoline
35,277,5,1,0,25,30,8,Electric
35,277,5,2,1,15,20,7,Electric
35,277,5,3,0,25,30,7,Gasoline
35,278,6,1,1,20,25,8,Gasoline
35,278,6,2,0,25,20,8,Electric
35,278,6,3,0,25,20,7,Electric
35,279,7,1,0,20,25,7,Gasoline
35,279,7,2,1,15,25,7,Gasoline
35,279,7,3,0,20,20,7,Electric
35,280,8,1,1,25,30,6,Gasoline
35,280,8,2,0,25,30,6,Electric
35,280,8,3,0,20,25,8,Electric
36,281,1,1,0,25,30,7,Gasoline
36,281,1,2,0,15,25,7,Gasoline
36,281,1,3,1,15,20,7,Gasoline
36,282,2,1,1,25,25,7,Gasoline
36,282,2,2,0,20,25,7,Electric
36,282,2,3,0,25,25,8,Electric
36,283,3,1,0,25,25,8,Gasoline
36,283,3,2,0,20,25,6,Electric
36,283,3,3,1,20,30,7,Gasoline
36,284,4,1,0,25,30,8,Electric
36,284,4,2,1,15,20,8,Gasoline
36,284,4,3,0,25,25,8,Electric
36,285,5,1,0,15,30,6,Gasoline
36,285,5,2,0,20,30,6,Gasoline
36,285,5,3,1,20,20,8,Gasoline
36,286,6,1,0,20,25,7,Electric
36,286,6,2,0,20,30,7,Electric
36,286,6,3,1,15,30,7,Electric
36,287,7,1,0,25,30,6,Electric
36,287,7,2,1,15,30,8,Gasoline
36,287,7,3,0,15,25,7,Gasoline
36,288,8,1,1,25,25,8,Electric
36,288,8,2,0,20,25,7,Electric
36,288,8,3,0,25,25,7,Gasoline
37,289,1,1,1,15,25,8,Gasoline
37,289,1,2,0,20,25,7,Gasoline
37,289,1,3,0,20,30,8,Gasoline
37,290,2,1,0,25,20,7,Electric
37,290,2,2,1,15,25,6,Gasoline
37,290,2,3,0,25,30,7,Electric
37,291,3,1,0,20,20,8,Electric
37,291,3,2,1,25,25,7,Gasoline
37,291,3,3,0,25,25,8,Electric
37,292,4,1,0,25,25,7,Electric
37,292,4,2,0,15,30,7,Electric
37,292,4,3,1,20,20,6,Gasoline
37,293,5,1,1,20,30,7,Gasoline
37,293,5,2,0,25,25,8,Gasoline
37,293,5,3,0,15,20,7,Electric
37,294,6,1,1,15,20,8,Electric
37,294,6,2,0,15,30,8,Electric
37,294,6,3,0,20,30,8,Electric
37,295,7,1,0,25,25,7,Gasoline
37,295,7,2,0,20,25,8,Gasoline
37,295,7,3,1,15,25,8,Gasoline
37,296,8,1,1,15,30,8,Gasoline
37,296,8,2,0,20,20,7,Gasoline
37,296,8,3,0,20,30,8,Electric
38,297,1,1,0,20,20,7,Electric
38,297,1,2,0,15,30,6,Electric
38,297,1,3,1,20,25,6,Gasoline
38,298,2,1,0,20,20,6,Electric
38,298,2,2,0,15,20,6,Electric
38,298,2,3,1,20,20,6,Gasoline
38,299,3,1,0,20,30,7,Electric
38,299,3,2,0,20,30,8,Gasoline
38,299,3,3,1,15,20,8,Electric
38,300,4,1,1,15,25,8,Gasoline
38,300,4,2,0,15,30,7,Electric
38,300,4,3,0,15,20,8,Electric
38,301,5,1,0,15,25,8,Electric
38,301,5,2,1,20,30,8,Gasoline
38,301,5,3,0,25,25,7,Electric
38,302,6,1,1,25,30,6,Gasoline
38,302,6,2,0,20,30,8,Electric
38,302,6,3,0,25,20,6,Gasoline
38,303,7,1,1,20,30,8,Gasoline
38,303,7,2,0,25,30,7,Gasoline
38,303,7,3,0,20,20,6,Gasoline
38,304,8,1,0,25,20,8,Gasoline
38,304,8,2,0,20,30,7,Electric
38,304,8,3,1,20,25,7,Gasoline
39,305,1,1,0,15,20,7,Gasoline
39,305,1,2,0,25,30,6,Gasoline
39,305,1,3,1,15,25,8,Gasoline
39,306,2,1,1,15,25,8,Gasoline
39,306,2,2,0,20,20,8,Gasoline
39,306,2,3,0,20,20,7,Gasoline
39,307,3,1,0,20,25,7,Electric
39,307,3,2,0,20,30,7,Electric
39,307,3,3,1,15,25,8,Gasoline
39,308,4,1,0,20,30,6,Gasoline
39,308,4,2,1,15,30,8,Gasoline
39,308,4,3,0,20,30,7,Gasoline
39,309,5,1,0,20,30,7,Electric
39,309,5,2,0,25,25,7,Electric
39,309,5,3,1,15,20,7,Gasoline
39,310,6,1,0,25,25,8,Gasoline
39,310,6,2,1,20,30,6,Gasoline
39,310,6,3,0,15,25,6,Electric
39,311,7,1,0,25,20,6,Electric
39,311,7,2,1,20,25,7,Electric
39,311,7,3,0,25,30,7,Gasoline
39,312,8,1,1,25,30,8,Gasoline
39,312,8,2,0,25,20,7,Electric
39,312,8,3,0,25,25,6,Electric
40,313,1,1,0,25,25,6,Gasoline
40,313,1,2,1,20,25,8,Gasoline
40,313,1,3,0,25,25,8,Electric
40,314,2,1,0,25,25,7,Electric
40,314,2,2,0,25,30,7,Electric
40,314,2,3,1,15,30,8,Electric
40,315,3,1,1,15,25,8,Electric
40,315,3,2,0,20,20,8,Electric
40,315,3,3,0,20,30,7,Electric
40,316,4,1,0,25,25,6,Electric
40,316,4,2,1,20,30,8,Gasoline
40,316,4,3,0,15,20,8,Electric
40,317,5,1,1,25,25,8,Gasoline
40,317,5,2,0,25,30,6,Electric
40,317,5,3,0,25,20,6,Electric
40,318,6,1,1,20,25,7,Electric
40,318,6,2,0,25,30,6,Electric
40,318,6,3,0,25,30,7,Electric
40,319,7,1,0,20,30,6,Electric
40,319,7,2,0,15,20,7,Electric
40,319,7,3,1,20,30,8,Gasoline
40,320,8,1,0,15,25,8,Electric
40,320,8,2,1,15,30,6,Gasoline
40,320,8,3,0,15,20,6,Electric
41,321,1,1,0,15,20,8,Electric
41,321,1,2,0,20,30,7,Gasoline
41,321,1,3,1,15,30,7,Gasoline
41,322,2,1,0,15,30,6,Electric
41,322,2,2,1,15,25,8,Gasoline
41,322,2,3,0,15,25,7,Electric
41,323,3,1,0,15,20,6,Electric
41,323,3,2,1,15,25,6,Gasoline
41,323,3,3,0,15,30,8,Electric
41,324,4,1,0,20,20,8,Electric
41,324,4,2,0,20,30,7,Electric
41,324,4,3,1,20,30,8,Gasoline
41,325,5,1,1,15,30,6,Gasoline
41,325,5,2,0,20,20,7,Gasoline
41,325,5,3,0,15,30,8,Electric
41,326,6,1,1,20,30,7,Gasoline
41,326,6,2,0,25,20,6,Electric
41,326,6,3,0,20,20,8,Gasoline
41,327,7,1,0,15,25,7,Gasoline
41,327,7,2,1,20,30,7,Gasoline
41,327,7,3,0,25,20,8,Gasoline
41,328,8,1,0,15,20,7,Gasoline
41,328,8,2,1,15,30,8,Gasoline
41,328,8,3,0,15,25,7,Electric
42,329,1,1,0,20,25,8,Electric
42,329,1,2,0,25,30,7,Gasoline
42,329,1,3,1,15,20,6,Gasoline
42,330,2,1,0,25,30,8,Gasoline
42,330,2,2,1,20,20,7,Gasoline
42,330,2,3,0,25,25,6,Gasoline
42,331,3,1,0,25,20,7,Electric
42,331,3,2,0,25,20,8,Gasoline
42,331,3,3,1,15,25,8,Electric
42,332,4,1,0,20,25,7,Electric
42,332,4,2,1,15,30,8,Gasoline
42,332,4,3,0,15,25,6,Electric
42,333,5,1,0,20,30,8,Gasoline
42,333,5,2,0,15,20,7,Electric
42,333,5,3,1,15,25,7,Gasoline
42,334,6,1,0,15,30,6,Electric
42,334,6,2,0,20,20,6,Gasoline
42,334,6,3,1,20,30,7,Gasoline
42,335,7,1,0,25,20,8,Gasoline
42,335,7,2,0,15,30,8,Electric
42,335,7,3,1,20,30,7,Gasoline
42,336,8,1,1,15,25,8,Electric
42,336,8,2,0,20,25,6,Electric
42,336,8,3,0,25,20,6,Gasoline
43,337,1,1,1,15,30,6,Electric
43,337,1,2,0,25,25,8,Electric
43,337,1,3,0,25,20,7,Gasoline
43,338,2,1,1,20,30,6,Gasoline
43,338,2,2,0,25,20,8,Electric
43,338,2,3,0,25,25,6,Gasoline
43,339,3,1,0,20,30,7,Gasoline
43,339,3,2,0,25,30,8,Gasoline
43,339,3,3,1,15,30,6,Gasoline
43,340,4,1,1,25,30,7,Gasoline
43,340,4,2,0,25,25,8,Gasoline
43,340,4,3,0,20,20,8,Gasoline
43,341,5,1,0,25,25,8,Electric
43,341,5,2,1,15,20,6,Electric
43,341,5,3,0,25,25,7,Electric
43,342,6,1,1,15,20,6,Gasoline
43,342,6,2,0,25,25,8,Gasoline
43,342,6,3,0,15,20,6,Electric
43,343,7,1,1,15,30,7,Gasoline
43,343,7,2,0,20,25,7,Electric
43,343,7,3,0,25,25,8,Electric
43,344,8,1,1,15,25,6,Gasoline
43,344,8,2,0,20,30,7,Gasoline
43,344,8,3,0,20,25,8,Gasoline
44,345,1,1,0,25,20,6,Electric
44,345,1,2,1,20,30,7,Electric
44,345,1,3,0,25,30,6,Gasoline
44,346,2,1,0,15,25,8,Electric
44,346,2,2,1,15,25,7,Gasoline
44,346,2,3,0,25,20,8,Gasoline
44,347,3,1,0,25,20,8,Electric
44,347,3,2,0,25,25,7,Electric
44,347,3,3,1,15,20,8,Electric
44,348,4,1,0,25,25,6,Electric
44,348,4,2,0,20,25,8,Electric
44,348,4,3,1,25,20,8,Gasoline
44,349,5,1,0,25,30,8,Electric
44,349,5,2,0,20,30,6,Electric
44,349,5,3,1,15,20,7,Electric
44,350,6,1,1,15,20,7,Gasoline
44,350,6,2,0,20,30,6,Electric
44,350,6,3,0,25,20,6,Gasoline
44,351,7,1,0,20,20,7,Gasoline
44,351,7,2,0,20,30,8,Gasoline
44,351,7,3,1,15,20,8,Electric
44,352,8,1,0,20,30,7,Electric
44,352,8,2,1,20,20,8,Gasoline
44,352,8,3,0,25,25,7,Electric
45,353,1,1,0,25,20,6,Electric
45,353,1,2,0,20,25,7,Electric
45,353,1,3,1,15,30,6,Electric
45,354,2,1,0,25,30,6,Electric
45,354,2,2,0,20,25,7,Electric
45,354,2,3,1,15,30,6,Electric
45,355,3,1,0,15,20,7,Gasoline
45,355,3,2,0,25,25,6,Electric
45,355,3,3,1,15,25,6,Gasoline
45,356,4,1,1,15,20,7,Gasoline
45,356,4,2,0,15,25,8,Electric
45,356,4,3,0,20,30,6,Gasoline
45,357,5,1,0,20,30,8,Electric
45,357,5,2,0,20,25,8,Electric
45,357,5,3,1,15,25,6,Electric
45,358,6,1,0,20,30,8,Electric
45,358,6,2,1,20,25,8,Gasoline
45,358,6,3,0,20,25,6,Electric
45,359,7,1,0,15,20,6,Electric
45,359,7,2,0,25,20,7,Electric
45,359,7,3,1,20,30,6,Gasoline
45,360,8,1,0,20,30,6,Electric
45,360,8,2,1,15,25,7,Electric
45,360,8,3,0,25,30,7,Gasoline
46,361,1,1,0,25,25,6,Gasoline
46,361,1,2,0,20,25,6,Electric
46,361,1,3,1,15,20,7,Electric
46,362,2,1,1,15,30,6,Gasoline
46,362,2,2,0,20,25,8,Electric
46,362,2,3,0,25,30,8,Gasoline
46,363,3,1,0,20,20,7,Electric
46,363,3,2,0,15,25,8,Electric
46,363,3,3,1,15,25,7,Gasoline
46,364,4,1,0,25,20,8,Electric
46,364,4,2,0,25,30,7,Gasoline
46,364,4,3,1,15,25,7,Electric
46,365,5,1,0,15,30,6,Electric
46,365,5,2,0,20,20,6,Gasoline
46,365,5,3,1,15,30,7,Gasoline
46,366,6,1,1,15,30,8,Electric
46,366,6,2,0,20,20,8,Electric
46,366,6,3,0,20,30,6,Electric
46,367,7,1,0,25,30,7,Electric
46,367,7,2,0,15,25,6,Electric
46,367,7,3,1,20,20,7,Gasoline
46,368,8,1,0,15,30,8,Electric
46,368,8,2,0,20,25,6,Gasoline
46,368,8,3,1,20,20,6,Gasoline
47,369,1,1,1,15,25,8,Electric
47,369,1,2,0,20,25,7,Gasoline
47,369,1,3,0,25,25,7,Gasoline
47,370,2,1,0,20,30,7,Gasoline
47,370,2,2,0,20,20,8,Electric
47,370,2,3,1,15,30,7,Electric
47,371,3,1,0,25,30,6,Electric
47,371,3,2,1,15,30,6,Electric
47,371,3,3,0,25,30,6,Gasoline
47,372,4,1,0,25,20,7,Gasoline
47,372,4,2,1,15,20,7,Gasoline
47,372,4,3,0,25,30,8,Electric
47,373,5,1,0,25,25,8,Electric
47,373,5,2,0,20,25,6,Electric
47,373,5,3,1,15,30,6,Gasoline
47,374,6,1,0,15,20,7,Gasoline
47,374,6,2,1,15,30,7,Gasoline
47,374,6,3,0,25,20,6,Electric
47,375,7,1,0,25,25,7,Electric
47,375,7,2,0,20,20,6,Electric
47,375,7,3,1,15,30,8,Electric
47,376,8,1,1,15,20,8,Gasoline
47,376,8,2,0,20,25,8,Gasoline
47,376,8,3,0,15,20,6,Electric
48,377,1,1,1,20,25,7,Gasoline
48,377,1,2,0,20,20,6,Gasoline
48,377,1,3,0,20,25,7,Electric
48,378,2,1,1,15,20,6,Gasoline
48,378,2,2,0,20,30,6,Gasoline
48,378,2,3,0,15,30,6,Gasoline
48,379,3,1,0,20,20,8,Electric
48,379,3,2,0,15,20,7,Electric
48,379,3,3,1,15,30,8,Gasoline
48,380,4,1,0,15,25,6,Electric
48,380,4,2,1,15,20,8,Gasoline
48,380,4,3,0,20,20,7,Electric
48,381,5,1,1,25,30,6,Gasoline
48,381,5,2,0,20,30,8,Electric
48,381,5,3,0,25,25,7,Gasoline
48,382,6,1,1,15,30,8,Electric
48,382,6,2,0,25,25,6,Electric
48,382,6,3,0,25,20,7,Gasoline
48,383,7,1,1,15,25,8,Gasoline
48,383,7,2,0,20,25,8,Gasoline
48,383,7,3,0,15,25,8,Electric
48,384,8,1,1,15,20,7,Electric
48,384,8,2,0,25,25,8,Gasoline
48,384,8,3,0,20,20,6,Gasoline
49,385,1,1,0,20,30,6,Gasoline
49,385,1,2,0,15,25,8,Gasoline
49,385,1,3,1,15,30,6,Gasoline
49,386,2,1,0,25,20,7,Gasoline
49,386,2,2,0,20,20,6,Electric
49,386,2,3,1,20,25,8,Gasoline
49,387,3,1,0,25,30,6,Electric
49,387,3,2,1,15,25,6,Electric
49,387,3,3,0,25,20,6,Gasoline
49,388,4,1,0,20,25,7,Electric
49,388,4,2,1,15,20,6,Gasoline
49,388,4,3,0,25,20,8,Gasoline
49,389,5,1,0,15,20,6,Electric
49,389,5,2,1,15,25,7,Electric
49,389,5,3,0,20,25,8,Gasoline
49,390,6,1,0,20,20,7,Gasoline
49,390,6,2,0,25,25,8,Gasoline
49,390,6,3,1,15,25,7,Gasoline
49,391,7,1,0,20,25,7,Electric
49,391,7,2,1,20,25,7,Gasoline
49,391,7,3,0,25,25,6,Gasoline
49,392,8,1,0,25,20,8,Gasoline
49,392,8,2,0,20,20,6,Electric
49,392,8,3,1,20,30,6,Gasoline
50,393,1,1,1,20,30,6,Gasoline
50,393,1,2,0,15,25,6,Electric
50,393,1,3,0,25,30,6,Electric
50,394,2,1,0,25,30,8,Gasoline
50,394,2,2,1,20,20,6,Gasoline
50,394,2,3,0,25,25,8,Gasoline
50,395,3,1,0,25,30,6,Electric
50,395,3,2,1,15,20,7,Electric
50,395,3,3,0,25,25,7,Electric
50,396,4,1,0,15,30,8,Gasoline
50,396,4,2,1,15,20,6,Gasoline
50,396,4,3,0,25,25,6,Gasoline
50,397,5,1,1,15,20,7,Gasoline
50,397,5,2,0,20,20,8,Electric
50,397,5,3,0,15,25,8,Electric
50,398,6,1,1,15,25,8,Electric
50,398,6,2,0,25,25,6,Gasoline
50,398,6,3,0,25,25,6,Electric
50,399,7,1,0,25,25,6,Electric
50,399,7,2,0,25,20,7,Gasoline
50,399,7,3,1,15,30,8,Gasoline
50,400,8,1,1,15,30,8,Electric
50,400,8,2,0,25,25,6,Gasoline
50,400,8,3,0,20,20,7,Gasoline
51,401,1,1,0,20,30,8,Gasoline
51,401,1,2,0,20,25,7,Gasoline
51,401,1,3,1,15,30,8,Gasoline
51,402,2,1,0,25,20,6,Electric
51,402,2,2,1,15,25,8,Gasoline
51,402,2,3,0,20,20,6,Electric
51,403,3,1,0,20,30,7,Electric
51,403,3,2,1,15,30,6,Electric
51,403,3,3,0,20,25,8,Electric
51,404,4,1,0,25,30,7,Gasoline
51,404,4,2,1,20,20,6,Gasoline
51,404,4,3,0,15,20,8,Electric
51,405,5,1,0,20,20,7,Electric
51,405,5,2,1,25,30,6,Gasoline
51,405,5,3,0,25,30,7,Electric
51,406,6,1,0,25,25,8,Electric
51,406,6,2,1,20,25,6,Electric
51,406,6,3,0,25,30,7,Gasoline
51,407,7,1,1,15,30,6,Gasoline
51,407,7,2,0,25,20,7,Electric
51,407,7,3,0,20,20,7,Gasoline
51,408,8,1,1,15,30,8,Electric
51,408,8,2,0,25,30,7,Gasoline
51,408,8,3,0,25,30,6,Gasoline
52,409,1,1,0,25,30,8,Electric
52,409,1,2,1,15,25,6,Electric
52,409,1,3,0,25,20,7,Electric
52,410,2,1,0,25,25,8,Electric
52,410,2,2,0,25,20,8,Gasoline
52,410,2,3,1,20,20,8,Electric
52,411,3,1,0,20,25,8,Electric
52,411,3,2,1,15,20,7,Electric
52,411,3,3,0,25,30,7,Electric
52,412,4,1,1,25,20,8,Gasoline
52,412,4,2,0,25,30,6,Electric
52,412,4,3,0,25,25,6,Electric
52,413,5,1,1,20,30,6,Electric
52,413,5,2,0,20,20,7,Electric
52,413,5,3,0,25,30,8,Electric
52,414,6,1,1,15,25,7,Gasoline
52,414,6,2,0,20,20,8,Gasoline
52,414,6,3,0,25,30,8,Electric
52,415,7,1,1,25,25,8,Electric
52,415,7,2,0,25,30,7,Electric
52,415,7,3,0,25,30,6,Electric
52,416,8,1,0,25,20,7,Gasoline
52,416,8,2,1,25,30,8,Gasoline
52,416,8,3,0,25,20,6,Electric
53,417,1,1,1,15,20,6,Gasoline
53,417,1,2,0,15,25,7,Electric
53,417,1,3,0,20,30,8,Electric
53,418,2,1,0,25,30,7,Electric
53,418,2,2,1,15,20,6,Electric
53,418,2,3,0,25,25,7,Electric
53,419,3,1,0,20,25,6,Gasoline
53,419,3,2,1,15,30,7,Gasoline
53,419,3,3,0,25,25,7,Gasoline
53,420,4,1,0,25,25,8,Gasoline
53,420,4,2,1,15,30,7,Electric
53,420,4,3,0,25,20,6,Gasoline
53,421,5,1,0,25,25,6,Gasoline
53,421,5,2,1,15,25,7,Gasoline
53,421,5,3,0,15,30,7,Electric
53,422,6,1,1,15,25,6,Electric
53,422,6,2,0,20,25,8,Electric
53,422,6,3,0,25,25,6,Electric
53,423,7,1,0,25,20,7,Electric
53,423,7,2,0,15,20,8,Gasoline
53,423,7,3,1,15,30,7,Gasoline
53,424,8,1,0,25,30,7,Electric
53,424,8,2,0,25,20,8,Electric
53,424,8,3,1,15,20,7,Electric
54,425,1,1,0,20,30,8,Electric
54,425,1,2,0,25,20,8,Electric
54,425,1,3,1,25,20,6,Gasoline
54,426,2,1,1,15,20,7,Gasoline
54,426,2,2,0,20,30,7,Gasoline
54,426,2,3,0,20,30,6,Electric
54,427,3,1,0,20,25,8,Gasoline
54,427,3,2,0,25,20,7,Electric
54,427,3,3,1,15,30,8,Gasoline
54,428,4,1,1,20,30,6,Gasoline
54,428,4,2,0,20,30,8,Electric
54,428,4,3,0,25,25,8,Electric
54,429,5,1,0,15,20,7,Electric
54,429,5,2,0,25,25,7,Electric
54,429,5,3,1,15,20,6,Electric
54,430,6,1,0,15,30,6,Electric
54,430,6,2,1,15,30,6,Gasoline
54,430,6,3,0,25,25,7,Gasoline
54,431,7,1,0,20,25,7,Gasoline
54,431,7,2,0,15,30,8,Electric
54,431,7,3,1,15,25,6,Gasoline
54,432,8,1,0,25,30,8,Electric
54,432,8,2,1,25,30,6,Gasoline
54,432,8,3,0,20,20,8,Electric
55,433,1,1,0,25,20,7,Gasoline
55,433,1,2,1,25,30,8,Gasoline
55,433,1,3,0,25,25,6,Gasoline
55,434,2,1,0,20,20,6,Gasoline
55,434,2,2,1,15,25,6,Gasoline
55,434,2,3,0,25,25,6,Gasoline
55,435,3,1,1,15,30,7,Gasoline
55,435,3,2,0,25,25,8,Electric
55,435,3,3,0,15,20,6,Electric
55,436,4,1,0,20,30,8,Electric
55,436,4,2,1,20,20,6,Electric
55,436,4,3,0,25,20,6,Gasoline
55,437,5,1,0,25,20,6,Gasoline
55,437,5,2,1,15,25,6,Electric
55,437,5,3,0,25,30,8,Gasoline
55,438,6,1,1,20,25,6,Gasoline
55,438,6,2,0,20,25,8,Gasoline
55,438,6,3,0,15,30,6,Gasoline
55,439,7,1,0,20,25,8,Gasoline
55,439,7,2,0,25,30,7,Electric
55,439,7,3,1,15,20,7,Gasoline
55,440,8,1,0,20,30,8,Electric
55,440,8,2,1,15,25,7,Electric
55,440,8,3,0,20,30,7,Electric
56,441,1,1,1,25,25,7,Gasoline
56,441,1,2,0,20,30,6,Electric
56,441,1,3,0,20,30,7,Electric
56,442,2,1,0,15,20,8,Gasoline
56,442,2,2,1,15,25,7,Gasoline
56,442,2,3,0,25,25,7,Gasoline
56,443,3,1,0,25,20,8,Gasoline
56,443,3,2,1,15,30,7,Gasoline
56,443,3,3,0,25,30,6,Electric
56,444,4,1,1,20,30,6,Gasoline
56,444,4,2,0,20,20,7,Electric
56,444,4,3,0,15,30,8,Electric
56,445,5,1,0,15,30,6,Electric
56,445,5,2,1,15,30,7,Gasoline
56,445,5,3,0,20,25,7,Electric
56,446,6,1,0,25,20,8,Gasoline
56,446,6,2,0,25,25,7,Gasoline
56,446,6,3,1,15,20,7,Gasoline
56,447,7,1,1,15,30,7,Gasoline
56,447,7,2,0,20,30,6,Gasoline
56,447,7,3,0,20,25,8,Electric
56,448,8,1,0,25,20,6,Gasoline
56,448,8,2,0,25,20,7,Electric
56,448,8,3,1,20,30,7,Gasoline
57,449,1,1,0,25,25,8,Gasoline
57,449,1,2,0,25,30,6,Electric
57,449,1,3,1,15,30,6,Electric
57,450,2,1,1,15,25,8,Gasoline
57,450,2,2,0,15,20,7,Electric
57,450,2,3,0,20,20,7,Gasoline
57,451,3,1,0,25,30,7,Electric
57,451,3,2,0,20,30,7,Electric
57,451,3,3,1,15,25,7,Gasoline
57,452,4,1,1,20,25,6,Gasoline
57,452,4,2,0,20,30,8,Electric
57,452,4,3,0,25,30,6,Gasoline
57,453,5,1,0,25,30,6,Gasoline
57,453,5,2,0,15,20,7,Electric
57,453,5,3,1,15,25,6,Gasoline
57,454,6,1,0,25,20,6,Gasoline
57,454,6,2,0,20,25,7,Electric
57,454,6,3,1,15,20,8,Gasoline
57,455,7,1,0,25,30,8,Gasoline
57,455,7,2,0,25,25,8,Electric
57,455,7,3,1,25,20,6,Gasoline
57,456,8,1,0,15,25,8,Gasoline
57,456,8,2,0,25,30,8,Gasoline
57,456,8,3,1,15,25,7,Gasoline
58,457,1,1,1,15,30,8,Gasoline
58,457,1,2,0,15,20,6,Gasoline
58,457,1,3,0,15,25,8,Gasoline
58,458,2,1,0,15,30,8,Electric
58,458,2,2,0,25,25,7,Gasoline
58,458,2,3,1,15,25,7,Gasoline
58,459,3,1,0,20,30,8,Gasoline
58,459,3,2,0,20,25,7,Electric
58,459,3,3,1,15,20,6,Gasoline
58,460,4,1,0,25,25,8,Gasoline
58,460,4,2,0,25,30,6,Electric
58,460,4,3,1,15,25,6,Electric
58,461,5,1,0,25,30,7,Electric
58,461,5,2,1,15,20,8,Gasoline
58,461,5,3,0,25,25,7,Electric
58,462,6,1,0,25,30,6,Electric
58,462,6,2,0,20,25,7,Gasoline
58,462,6,3,1,15,30,8,Electric
58,463,7,1,0,20,20,6,Electric
58,463,7,2,0,20,30,8,Electric
58,463,7,3,1,15,20,6,Gasoline
58,464,8,1,0,15,20,7,Gasoline
58,464,8,2,0,20,25,6,Gasoline
58,464,8,3,1,15,25,7,Gasoline
59,465,1,1,0,20,20,8,Electric
59,465,1,2,0,25,25,8,Gasoline
59,465,1,3,1,20,25,6,Gasoline
59,466,2,1,1,15,25,6,Gasoline
59,466,2,2,0,15,20,8,Electric
59,466,2,3,0,15,30,8,Gasoline
59,467,3,1,0,25,25,7,Gasoline
59,467,3,2,1,20,25,8,Gasoline
59,467,3,3,0,25,25,7,Electric
59,468,4,1,1,25,30,7,Gasoline
59,468,4,2,0,25,25,6,Electric
59,468,4,3,0,20,20,8,Electric
59,469,5,1,1,15,20,6,Gasoline
59,469,5,2,0,20,25,8,Gasoline
59,469,5,3,0,15,25,6,Electric
59,470,6,1,1,20,30,7,Gasoline
59,470,6,2,0,25,25,8,Electric
59,470,6,3,0,25,30,7,Gasoline
59,471,7,1,0,25,20,6,Electric
59,471,7,2,0,20,20,6,Electric
59,471,7,3,1,15,20,6,Gasoline
59,472,8,1,1,15,30,7,Gasoline
59,472,8,2,0,25,20,7,Gasoline
59,472,8,3,0,20,20,6,Gasoline
60,473,1,1,0,20,25,7,Electric
60,473,1,2,0,25,30,6,Gasoline
60,473,1,3,1,15,25,6,Gasoline
60,474,2,1,1,15,30,8,Gasoline
60,474,2,2,0,25,25,7,Gasoline
60,474,2,3,0,20,25,7,Electric
60,475,3,1,0,20,30,6,Electric
60,475,3,2,0,25,20,7,Electric
60,475,3,3,1,25,20,7,Gasoline
60,476,4,1,0,20,30,6,Electric
60,476,4,2,1,15,30,7,Electric
60,476,4,3,0,20,25,6,Gasoline
60,477,5,1,0,20,25,8,Gasoline
60,477,5,2,1,15,20,8,Gasoline
60,477,5,3,0,25,30,6,Electric
60,478,6,1,0,25,30,6,Electric
60,478,6,2,0,25,20,6,Electric
60,478,6,3,1,25,20,6,Gasoline
60,479,7,1,1,20,20,6,Electric
60,479,7,2,0,20,30,7,Electric
60,479,7,3,0,25,25,7,Gasoline
60,480,8,1,0,20,25,7,Gasoline
60,480,8,2,1,15,20,7,Gasoline
60,480,8,3,0,20,25,6,Electric
61,481,1,1,0,15,25,6,Electric
61,481,1,2,0,20,25,8,Electric
61,481,1,3,1,15,30,6,Gasoline
61,482,2,1,0,20,25,6,Electric
61,482,2,2,0,20,25,7,Electric
61,482,2,3,1,15,25,8,Electric
61,483,3,1,0,25,20,8,Electric
61,483,3,2,1,20,30,7,Gasoline
61,483,3,3,0,20,20,6,Gasoline
61,484,4,1,0,25,20,7,Electric
61,484,4,2,0,20,25,6,Electric
61,484,4,3,1,15,25,6,Gasoline
61,485,5,1,0,25,20,8,Gasoline
61,485,5,2,0,25,25,8,Gasoline
61,485,5,3,1,15,30,6,Electric
61,486,6,1,1,15,30,7,Gasoline
61,486,6,2,0,15,30,6,Gasoline
61,486,6,3,0,20,20,7,Electric
61,487,7,1,1,15,30,8,Electric
61,487,7,2,0,25,20,8,Gasoline
61,487,7,3,0,20,25,6,Electric
61,488,8,1,1,15,30,7,Electric
61,488,8,2,0,25,20,6,Electric
61,488,8,3,0,25,30,6,Electric
62,489,1,1,1,20,20,7,Gasoline
62,489,1,2,0,15,20,8,Electric
62,489,1,3,0,20,30,8,Gasoline
62,490,2,1,0,25,20,7,Gasoline
62,490,2,2,1,20,30,6,Gasoline
62,490,2,3,0,15,30,7,Electric
62,491,3,1,0,25,20,7,Gasoline
62,491,3,2,0,15,20,7,Electric
62,491,3,3,1,15,20,6,Gasoline
62,492,4,1,0,20,30,7,Electric
62,492,4,2,1,15,20,6,Electric
62,492,4,3,0,25,25,8,Electric
62,493,5,1,0,15,25,8,Electric
62,493,5,2,1,20,30,8,Gasoline
62,493,5,3,0,20,30,7,Electric
62,494,6,1,1,15,20,8,Gasoline
62,494,6,2,0,20,25,6,Electric
62,494,6,3,0,15,20,7,Electric
62,495,7,1,1,20,25,6,Electric
62,495,7,2,0,20,30,8,Electric
62,495,7,3,0,25,20,6,Gasoline
62,496,8,1,0,15,30,7,Electric
62,496,8,2,1,20,30,8,Gasoline
62,496,8,3,0,25,25,7,Electric
63,497,1,1,0,25,30,7,Electric
63,497,1,2,0,25,25,8,Gasoline
63,497,1,3,1,15,30,6,Gasoline
63,498,2,1,1,25,20,6,Gasoline
63,498,2,2,0,20,25,7,Electric
63,498,2,3,0,25,25,6,Gasoline
63,499,3,1,0,25,30,8,Electric
63,499,3,2,1,25,20,8,Gasoline
63,499,3,3,0,15,25,8,Electric
63,500,4,1,0,20,30,8,Electric
63,500,4,2,0,15,25,7,Electric
63,500,4,3,1,15,25,6,Gasoline
63,501,5,1,1,25,30,7,Gasoline
63,501,5,2,0,25,25,7,Gasoline
63,501,5,3,0,25,30,8,Gasoline
63,502,6,1,1,20,25,6,Gasoline
63,502,6,2,0,15,30,8,Gasoline
63,502,6,3,0,20,25,8,Gasoline
63,503,7,1,0,25,30,7,Gasoline
63,503,7,2,1,15,30,7,Electric
63,503,7,3,0,25,25,8,Gasoline
63,504,8,1,0,20,30,8,Gasoline
63,504,8,2,1,15,25,7,Gasoline
63,504,8,3,0,15,25,7,Electric
64,505,1,1,0,25,30,7,Electric
64,505,1,2,0,25,25,7,Electric
64,505,1,3,1,15,30,8,Gasoline
64,506,2,1,1,15,20,6,Gasoline
64,506,2,2,0,25,25,8,Gasoline
64,506,2,3,0,15,20,7,Electric
64,507,3,1,0,25,25,6,Gasoline
64,507,3,2,1,15,20,8,Gasoline
64,507,3,3,0,25,20,6,Electric
64,508,4,1,1,15,20,6,Gasoline
64,508,4,2,0,25,25,6,Electric
64,508,4,3,0,25,30,6,Electric
64,509,5,1,0,20,20,8,Electric
64,509,5,2,1,15,25,6,Electric
64,509,5,3,0,20,20,6,Gasoline
64,510,6,1,1,15,25,8,Gasoline
64,510,6,2,0,20,20,6,Gasoline
64,510,6,3,0,25,25,7,Electric
64,511,7,1,1,20,30,8,Gasoline
64,511,7,2,0,25,25,6,Gasoline
64,511,7,3,0,15,30,6,Electric
64,512,8,1,0,20,20,6,Electric
64,512,8,2,0,20,25,6,Electric
64,512,8,3,1,15,20,6,Gasoline
65,513,1,1,0,20,20,8,Gasoline
65,513,1,2,0,20,25,8,Electric
65,513,1,3,1,20,25,6,Gasoline
65,514,2,1,0,25,25,7,Gasoline
65,514,2,2,1,15,30,7,Gasoline
65,514,2,3,0,20,30,6,Electric
65,515,3,1,0,20,20,8,Gasoline
65,515,3,2,1,15,30,7,Gasoline
65,515,3,3,0,25,30,7,Gasoline
65,516,4,1,0,15,20,7,Electric
65,516,4,2,1,15,25,7,Gasoline
65,516,4,3,0,25,25,6,Electric
65,517,5,1,1,20,30,6,Gasoline
65,517,5,2,0,25,20,7,Electric
65,517,5,3,0,20,20,6,Electric
65,518,6,1,0,20,25,7,Gasoline
65,518,6,2,1,15,20,6,Electric
65,518,6,3,0,20,20,7,Gasoline
65,519,7,1,0,20,20,8,Electric
65,519,7,2,1,15,30,7,Gasoline
65,519,7,3,0,25,20,8,Gasoline
65,520,8,1,0,20,30,6,Electric
65,520,8,2,1,15,30,6,Gasoline
65,520,8,3,0,20,25,6,Gasoline
66,521,1,1,1,15,25,7,Gasoline
66,521,1,2,0,25,25,8,Gasoline
66,521,1,3,0,25,25,6,Gasoline
66,522,2,1,0,25,20,8,Gasoline
66,522,2,2,1,15,20,6,Gasoline
66,522,2,3,0,20,20,8,Electric
66,523,3,1,0,20,25,7,Gasoline
66,523,3,2,0,20,30,6,Electric
66,523,3,3,1,15,30,7,Gasoline
66,524,4,1,1,20,20,7,Gasoline
66,524,4,2,0,25,25,6,Electric
66,524,4,3,0,15,20,7,Electric
66,525,5,1,0,20,25,8,Gasoline
66,525,5,2,0,25,25,7,Gasoline
66,525,5,3,1,15,30,8,Electric
66,526,6,1,0,15,25,6,Electric
66,526,6,2,0,20,30,6,Electric
66,526,6,3,1,15,20,8,Gasoline
66,527,7,1,0,15,20,7,Electric
66,527,7,2,0,15,20,6,Electric
66,527,7,3,1,20,20,8,Gasoline
66,528,8,1,0,15,20,8,Gasoline
66,528,8,2,0,20,30,8,Gasoline
66,528,8,3,1,15,25,7,Gasoline
67,529,1,1,0,25,30,8,Gasoline
67,529,1,2,0,20,20,7,Gasoline
67,529,1,3,1,15,25,8,Gasoline
67,530,2,1,0,25,25,7,Electric
67,530,2,2,1,15,30,7,Gasoline
67,530,2,3,0,20,20,8,Electric
67,531,3,1,0,25,20,7,Gasoline
67,531,3,2,0,25,30,7,Electric
67,531,3,3,1,25,25,7,Gasoline
67,532,4,1,0,25,30,8,Gasoline
67,532,4,2,0,20,30,7,Electric
67,532,4,3,1,15,20,6,Gasoline
67,533,5,1,0,25,30,7,Gasoline
67,533,5,2,0,25,20,7,Electric
67,533,5,3,1,15,30,8,Gasoline
67,534,6,1,1,15,20,6,Gasoline
67,534,6,2,0,25,25,7,Electric
67,534,6,3,0,25,25,7,Gasoline
67,535,7,1,0,20,30,6,Gasoline
67,535,7,2,0,25,20,8,Electric
67,535,7,3,1,15,20,6,Electric
67,536,8,1,1,15,30,8,Gasoline
67,536,8,2,0,20,25,6,Electric
67,536,8,3,0,15,30,7,Gasoline
68,537,1,1,0,20,30,6,Electric
68,537,1,2,1,15,30,7,Electric
68,537,1,3,0,20,25,6,Electric
68,538,2,1,0,25,25,6,Gasoline
68,538,2,2,1,15,20,6,Electric
68,538,2,3,0,25,25,8,Gasoline
68,539,3,1,1,20,25,7,Gasoline
68,539,3,2,0,25,30,6,Gasoline
68,539,3,3,0,20,30,8,Electric
68,540,4,1,1,15,20,8,Gasoline
68,540,4,2,0,20,25,7,Gasoline
68,540,4,3,0,20,20,8,Electric
68,541,5,1,1,20,20,6,Gasoline
68,541,5,2,0,15,20,6,Electric
68,541,5,3,0,25,25,7,Electric
68,542,6,1,0,15,30,8,Electric
68,542,6,2,1,25,25,8,Gasoline
68,542,6,3,0,25,25,6,Gasoline
68,543,7,1,1,20,30,8,Gasoline
68,543,7,2,0,20,30,7,Gasoline
68,543,7,3,0,20,25,6,Electric
68,544,8,1,0,15,25,7,Electric
68,544,8,2,0,25,20,6,Electric
68,544,8,3,1,20,25,7,Gasoline
69,545,1,1,0,20,25,8,Gasoline
69,545,1,2,1,20,20,6,Gasoline
69,545,1,3,0,20,20,8,Gasoline
69,546,2,1,0,20,25,6,Electric
69,546,2,2,0,15,30,7,Electric
69,546,2,3,1,15,25,7,Gasoline
69,547,3,1,0,20,30,8,Gasoline
69,547,3,2,1,20,20,8,Gasoline
69,547,3,3,0,15,20,6,Electric
69,548,4,1,0,25,30,6,Gasoline
69,548,4,2,0,25,30,6,Electric
69,548,4,3,1,15,20,8,Electric
69,549,5,1,0,20,25,8,Electric
69,549,5,2,0,15,20,8,Electric
69,549,5,3,1,15,30,7,Gasoline
69,550,6,1,1,15,30,8,Gasoline
69,550,6,2,0,15,30,8,Electric
69,550,6,3,0,25,30,6,Electric
69,551,7,1,0,20,20,8,Electric
69,551,7,2,1,15,20,8,Gasoline
69,551,7,3,0,20,20,8,Gasoline
69,552,8,1,0,20,30,6,Electric
69,552,8,2,0,25,25,6,Gasoline
69,552,8,3,1,15,20,7,Gasoline
70,553,1,1,0,15,25,8,Electric
70,553,1,2,0,25,30,8,Electric
70,553,1,3,1,20,20,8,Gasoline
70,554,2,1,1,15,25,6,Electric
70,554,2,2,0,15,25,8,Electric
70,554,2,3,0,15,30,6,Electric
70,555,3,1,1,20,25,6,Gasoline
70,555,3,2,0,20,25,7,Gasoline
70,555,3,3,0,20,25,7,Electric
70,556,4,1,0,25,25,6,Electric
70,556,4,2,1,20,25,7,Gasoline
70,556,4,3,0,20,25,8,Gasoline
70,557,5,1,1,20,25,8,Gasoline
70,557,5,2,0,20,20,6,Electric
70,557,5,3,0,25,25,6,Gasoline
70,558,6,1,0,25,30,8,Electric
70,558,6,2,1,15,30,8,Gasoline
70,558,6,3,0,20,30,6,Gasoline
70,559,7,1,1,15,20,6,Gasoline
70,559,7,2,0,25,25,6,Gasoline
70,559,7,3,0,25,20,8,Gasoline
70,560,8,1,0,25,20,8,Electric
70,560,8,2,0,25,25,6,Electric
70,560,8,3,1,15,20,6,Electric
71,561,1,1,0,25,25,8,Electric
71,561,1,2,1,15,30,6,Gasoline
71,561,1,3,0,20,30,6,Gasoline
71,562,2,1,1,15,30,7,Gasoline
71,562,2,2,0,15,20,8,Gasoline
71,562,2,3,0,15,25,6,Electric
71,563,3,1,0,20,25,7,Gasoline
71,563,3,2,0,20,30,7,Electric
71,563,3,3,1,15,25,7,Electric
71,564,4,1,1,20,25,6,Electric
71,564,4,2,0,25,20,7,Gasoline
71,564,4,3,0,25,30,8,Electric
71,565,5,1,0,20,20,8,Electric
71,565,5,2,1,15,25,7,Electric
71,565,5,3,0,20,30,8,Electric
71,566,6,1,1,15,30,7,Gasoline
71,566,6,2,0,15,20,7,Gasoline
71,566,6,3,0,15,30,7,Electric
71,567,7,1,0,25,25,7,Gasoline
71,567,7,2,1,15,20,7,Gasoline
71,567,7,3,0,15,30,8,Electric
71,568,8,1,1,15,20,7,Gasoline
71,568,8,2,0,20,20,8,Electric
71,568,8,3,0,15,25,6,Electric
72,569,1,1,0,25,25,6,Gasoline
72,569,1,2,1,15,30,6,Gasoline
72,569,1,3,0,20,20,6,Electric
72,570,2,1,0,15,30,7,Gasoline
72,570,2,2,1,15,20,6,Gasoline
72,570,2,3,0,15,25,6,Electric
72,571,3,1,0,15,25,8,Electric
72,571,3,2,1,20,20,8,Gasoline
72,571,3,3,0,20,25,7,Electric
72,572,4,1,0,25,20,6,Electric
72,572,4,2,0,20,30,7,Electric
72,572,4,3,1,15,20,8,Electric
72,573,5,1,1,15,20,8,Electric
72,573,5,2,0,25,25,8,Gasoline
72,573,5,3,0,25,20,7,Gasoline
72,574,6,1,0,25,20,8,Gasoline
72,574,6,2,0,15,20,6,Electric
72,574,6,3,1,15,30,8,Electric
72,575,7,1,0,25,20,7,Gasoline
72,575,7,2,0,15,20,8,Electric
72,575,7,3,1,20,30,6,Gasoline
72,576,8,1,0,20,20,6,Electric
72,576,8,2,1,25,20,7,Gasoline
72,576,8,3,0,20,20,8,Electric
73,577,1,1,0,15,20,7,Gasoline
73,577,1,2,0,20,25,6,Gasoline
73,577,1,3,1,15,20,8,Gasoline
73,578,2,1,1,20,30,7,Electric
73,578,2,2,0,25,20,8,Electric
73,578,2,3,0,25,20,8,Gasoline
73,579,3,1,0,25,30,7,Electric
73,579,3,2,0,20,25,7,Gasoline
73,579,3,3,1,20,30,8,Gasoline
73,580,4,1,1,15,25,7,Electric
73,580,4,2,0,25,30,6,Electric
73,580,4,3,0,15,30,6,Electric
73,581,5,1,1,15,30,8,Gasoline
73,581,5,2,0,20,20,7,Electric
73,581,5,3,0,15,30,6,Gasoline
73,582,6,1,1,15,30,7,Gasoline
73,582,6,2,0,20,30,7,Electric
73,582,6,3,0,25,20,8,Gasoline
73,583,7,1,1,15,30,7,Electric
73,583,7,2,0,20,20,7,Gasoline
73,583,7,3,0,20,25,6,Gasoline
73,584,8,1,0,15,30,6,Electric
73,584,8,2,0,25,25,8,Gasoline
73,584,8,3,1,15,20,6,Gasoline
74,585,1,1,0,20,30,6,Electric
74,585,1,2,0,25,25,7,Gasoline
74,585,1,3,1,15,30,6,Gasoline
74,586,2,1,0,20,25,8,Electric
74,586,2,2,0,25,30,6,Gasoline
74,586,2,3,1,15,20,6,Gasoline
74,587,3,1,0,20,25,7,Electric
74,587,3,2,0,25,20,6,Electric
74,587,3,3,1,25,20,6,Gasoline
74,588,4,1,0,15,20,8,Electric
74,588,4,2,0,15,30,7,Electric
74,588,4,3,1,15,30,7,Gasoline
74,589,5,1,1,15,20,7,Gasoline
74,589,5,2,0,25,20,6,Gasoline
74,589,5,3,0,15,30,6,Electric
74,590,6,1,0,25,30,7,Electric
74,590,6,2,1,15,30,8,Electric
74,590,6,3,0,20,20,7,Electric
74,591,7,1,1,15,25,7,Gasoline
74,591,7,2,0,20,20,8,Electric
74,591,7,3,0,25,30,7,Electric
74,592,8,1,1,15,20,6,Gasoline
74,592,8,2,0,25,30,6,Gasoline
74,592,8,3,0,20,20,8,Gasoline
75,593,1,1,0,20,25,7,Gasoline
75,593,1,2,1,20,30,7,Gasoline
75,593,1,3,0,25,30,8,Electric
75,594,2,1,0,20,30,7,Gasoline
75,594,2,2,0,20,20,6,Gasoline
75,594,2,3,1,15,20,8,Gasoline
75,595,3,1,0,20,25,6,Gasoline
75,595,3,2,1,15,30,7,Electric
75,595,3,3,0,20,20,6,Electric
75,596,4,1,0,20,25,8,Electric
75,596,4,2,1,15,25,6,Electric
75,596,4,3,0,15,30,8,Electric
75,597,5,1,0,20,30,8,Electric
75,597,5,2,1,15,20,6,Gasoline
75,597,5,3,0,15,30,8,Electric
75,598,6,1,0,20,25,6,Electric
75,598,6,2,0,25,25,8,Electric
75,598,6,3,1,20,25,7,Electric
75,599,7,1,0,25,25,6,Electric
75,599,7,2,0,25,30,6,Electric
75,599,7,3,1,25,20,6,Gasoline
75,600,8,1,0,20,20,6,Gasoline
75,600,8,2,0,25,20,8,Electric
75,600,8,3,1,15,25,6,Gasoline
76,601,1,1,0,15,30,7,Electric
76,601,1,2,1,15,30,8,Gasoline
76,601,1,3,0,20,20,8,Electric
76,602,2,1,1,15,30,8,Electric
76,602,2,2,0,15,20,6,Electric
76,602,2,3,0,25,25,7,Electric
76,603,3,1,1,15,25,7,Electric
76,603,3,2,0,20,30,7,Electric
76,603,3,3,0,20,25,8,Electric
76,604,4,1,1,20,30,8,Gasoline
76,604,4,2,0,25,30,6,Gasoline
76,604,4,3,0,25,25,6,Gasoline
76,605,5,1,0,15,30,7,Electric
76,605,5,2,1,20,20,8,Gasoline
76,605,5,3,0,25,30,7,Electric
76,606,6,1,0,15,20,7,Gasoline
76,606,6,2,0,25,25,7,Electric
76,606,6,3,1,15,30,7,Gasoline
76,607,7,1,1,20,30,8,Gasoline
76,607,7,2,0,15,25,7,Electric
76,607,7,3,0,25,30,6,Gasoline
76,608,8,1,0,15,25,7,Electric
76,608,8,2,1,20,30,6,Gasoline
76,608,8,3,0,20,20,8,Gasoline
77,609,1,1,0,20,25,8,Electric
77,609,1,2,1,25,30,7,Gasoline
77,609,1,3,0,20,20,7,Electric
77,610,2,1,0,20,20,8,Electric
77,610,2,2,1,20,25,6,Gasoline
77,610,2,3,0,25,20,7,Gasoline
77,611,3,1,0,25,30,8,Gasoline
77,611,3,2,0,25,20,8,Electric
77,611,3,3,1,15,25,7,Electric
77,612,4,1,0,20,30,7,Electric
77,612,4,2,0,15,30,6,Electric
77,612,4,3,1,20,25,8,Gasoline
77,613,5,1,0,25,20,6,Electric
77,613,5,2,0,25,30,7,Electric
77,613,5,3,1,15,20,8,Electric
77,614,6,1,0,25,20,6,Electric
77,614,6,2,1,20,20,7,Gasoline
77,614,6,3,0,25,25,6,Electric
77,615,7,1,0,25,20,6,Electric
77,615,7,2,0,25,25,7,Electric
77,615,7,3,1,15,30,6,Gasoline
77,616,8,1,1,20,20,8,Gasoline
77,616,8,2,0,15,20,7,Electric
77,616,8,3,0,20,30,7,Gasoline
78,617,1,1,0,20,25,8,Electric
78,617,1,2,0,15,25,7,Electric
78,617,1,3,1,20,25,6,Gasoline
78,618,2,1,0,20,20,7,Electric
78,618,2,2,1,20,20,7,Gasoline
78,618,2,3,0,25,30,8,Electric
78,619,3,1,1,20,30,7,Gasoline
78,619,3,2,0,15,25,6,Electric
78,619,3,3,0,20,30,7,Electric
78,620,4,1,1,25,30,8,Gasoline
78,620,4,2,0,20,20,6,Electric
78,620,4,3,0,20,25,7,Electric
78,621,5,1,0,20,20,6,Electric
78,621,5,2,0,15,25,6,Electric
78,621,5,3,1,15,20,7,Gasoline
78,622,6,1,0,20,20,7,Electric
78,622,6,2,1,25,25,7,Gasoline
78,622,6,3,0,20,25,8,Electric
78,623,7,1,0,20,25,7,Gasoline
78,623,7,2,0,20,20,7,Electric
78,623,7,3,1,15,25,8,Gasoline
78,624,8,1,0,25,25,7,Electric
78,624,8,2,0,20,30,6,Electric
78,624,8,3,1,15,30,7,Gasoline
79,625,1,1,0,15,20,6,Gasoline
79,625,1,2,0,25,30,8,Electric
79,625,1,3,1,15,25,6,Gasoline
79,626,2,1,1,20,20,6,Gasoline
79,626,2,2,0,25,20,6,Gasoline
79,626,2,3,0,15,30,7,Electric
79,627,3,1,0,20,25,8,Gasoline
79,627,3,2,1,20,30,7,Gasoline
79,627,3,3,0,25,20,6,Gasoline
79,628,4,1,1,15,30,8,Gasoline
79,628,4,2,0,20,20,8,Electric
79,628,4,3,0,20,30,8,Electric
79,629,5,1,0,15,25,7,Electric
79,629,5,2,0,25,30,8,Gasoline
79,629,5,3,1,15,30,8,Gasoline
79,630,6,1,0,20,30,7,Electric
79,630,6,2,0,25,20,6,Gasoline
79,630,6,3,1,15,20,7,Electric
79,631,7,1,0,15,25,8,Electric
79,631,7,2,1,15,20,7,Electric
79,631,7,3,0,25,20,7,Gasoline
79,632,8,1,0,25,25,8,Electric
79,632,8,2,0,25,30,7,Electric
79,632,8,3,1,15,20,6,Electric
80,633,1,1,0,25,30,7,Electric
80,633,1,2,0,25,20,8,Electric
80,633,1,3,1,20,20,6,Gasoline
80,634,2,1,1,15,30,8,Electric
80,634,2,2,0,25,25,7,Gasoline
80,634,2,3,0,25,30,6,Electric
80,635,3,1,1,15,30,7,Electric
80,635,3,2,0,20,20,7,Electric
80,635,3,3,0,25,30,8,Gasoline
80,636,4,1,0,20,25,6,Gasoline
80,636,4,2,0,15,20,8,Electric
80,636,4,3,1,20,20,6,Gasoline
80,637,5,1,0,15,20,7,Electric
80,637,5,2,0,25,25,8,Electric
80,637,5,3,1,20,20,7,Gasoline
80,638,6,1,0,20,25,6,Electric
80,638,6,2,1,20,30,7,Gasoline
80,638,6,3,0,15,20,8,Electric
80,639,7,1,1,15,30,6,Gasoline
80,639,7,2,0,20,20,8,Electric
80,639,7,3,0,20,20,7,Gasoline
80,640,8,1,0,15,20,8,Electric
80,640,8,2,1,15,20,8,Gasoline
80,640,8,3,0,25,25,7,Electric
81,641,1,1,0,20,25,6,Electric
81,641,1,2,1,15,25,6,Gasoline
81,641,1,3,0,25,30,7,Gasoline
81,642,2,1,0,15,30,7,Electric
81,642,2,2,0,15,20,7,Electric
81,642,2,3,1,15,30,6,Gasoline
81,643,3,1,1,20,20,7,Gasoline
81,643,3,2,0,20,20,8,Electric
81,643,3,3,0,25,30,7,Gasoline
81,644,4,1,0,25,20,6,Gasoline
81,644,4,2,0,25,25,6,Electric
81,644,4,3,1,15,30,7,Electric
81,645,5,1,0,20,20,8,Electric
81,645,5,2,0,25,30,6,Gasoline
81,645,5,3,1,15,30,6,Electric
81,646,6,1,1,15,30,8,Gasoline
81,646,6,2,0,20,30,8,Gasoline
81,646,6,3,0,25,20,8,Gasoline
81,647,7,1,0,15,20,7,Gasoline
81,647,7,2,1,15,25,8,Gasoline
81,647,7,3,0,15,20,8,Electric
81,648,8,1,1,15,25,8,Gasoline
81,648,8,2,0,20,30,8,Electric
81,648,8,3,0,20,30,6,Gasoline
82,649,1,1,1,15,20,7,Gasoline
82,649,1,2,0,15,30,8,Electric
82,649,1,3,0,15,25,6,Electric
82,650,2,1,0,25,20,8,Electric
82,650,2,2,1,15,20,8,Gasoline
82,650,2,3,0,25,30,7,Electric
82,651,3,1,0,25,20,8,Electric
82,651,3,2,0,15,30,8,Electric
82,651,3,3,1,15,25,7,Electric
82,652,4,1,0,20,30,7,Gasoline
82,652,4,2,0,25,25,6,Electric
82,652,4,3,1,15,30,6,Gasoline
82,653,5,1,1,15,20,6,Electric
82,653,5,2,0,25,30,8,Gasoline
82,653,5,3,0,15,20,7,Electric
82,654,6,1,0,20,30,8,Electric
82,654,6,2,1,15,30,7,Electric
82,654,6,3,0,25,20,8,Electric
82,655,7,1,0,25,25,7,Gasoline
82,655,7,2,0,20,20,6,Electric
82,655,7,3,1,20,30,7,Gasoline
82,656,8,1,1,15,30,7,Gasoline
82,656,8,2,0,25,25,7,Gasoline
82,656,8,3,0,20,25,8,Gasoline
83,657,1,1,1,20,20,6,Gasoline
83,657,1,2,0,25,25,7,Electric
83,657,1,3,0,20,20,7,Electric
83,658,2,1,1,15,30,7,Electric
83,658,2,2,0,25,20,8,Gasoline
83,658,2,3,0,25,30,7,Electric
83,659,3,1,0,25,20,8,Gasoline
83,659,3,2,1,20,25,6,Gasoline
83,659,3,3,0,20,30,7,Gasoline
83,660,4,1,0,20,20,7,Gasoline
83,660,4,2,1,15,25,7,Electric
83,660,4,3,0,20,20,8,Gasoline
83,661,5,1,0,25,20,6,Gasoline
83,661,5,2,0,25,20,7,Gasoline
83,661,5,3,1,20,20,8,Gasoline
83,662,6,1,0,20,30,8,Gasoline
83,662,6,2,0,15,25,6,Electric
83,662,6,3,1,15,20,7,Gasoline
83,663,7,1,0,20,30,8,Electric
83,663,7,2,1,15,20,6,Gasoline
83,663,7,3,0,20,25,8,Electric
83,664,8,1,0,15,25,7,Electric
83,664,8,2,1,15,20,7,Gasoline
83,664,8,3,0,25,25,7,Electric
84,665,1,1,0,20,30,7,Electric
84,665,1,2,1,15,20,7,Gasoline
84,665,1,3,0,20,25,7,Gasoline
84,666,2,1,1,25,25,7,Gasoline
84,666,2,2,0,20,30,7,Electric
84,666,2,3,0,25,20,7,Gasoline
84,667,3,1,1,15,20,7,Gasoline
84,667,3,2,0,25,20,7,Electric
84,667,3,3,0,25,20,7,Gasoline
84,668,4,1,1,15,20,7,Electric
84,668,4,2,0,20,25,7,Electric
84,668,4,3,0,25,25,6,Electric
84,669,5,1,0,15,30,6,Electric
84,669,5,2,1,20,20,6,Gasoline
84,669,5,3,0,20,20,8,Electric
84,670,6,1,0,25,25,8,Electric
84,670,6,2,0,25,25,6,Gasoline
84,670,6,3,1,15,30,7,Gasoline
84,671,7,1,1,20,20,6,Electric
84,671,7,2,0,25,30,7,Gasoline
84,671,7,3,0,25,25,6,Gasoline
84,672,8,1,0,20,25,8,Gasoline
84,672,8,2,1,15,25,6,Electric
84,672,8,3,0,15,25,7,Electric
85,673,1,1,1,15,25,8,Electric
85,673,1,2,0,25,20,6,Electric
85,673,1,3,0,20,20,8,Electric
85,674,2,1,0,20,30,6,Electric
85,674,2,2,0,20,25,8,Electric
85,674,2,3,1,15,20,7,Gasoline
85,675,3,1,0,25,25,6,Gasoline
85,675,3,2,0,20,20,7,Electric
85,675,3,3,1,20,25,6,Gasoline
85,676,4,1,0,15,20,6,Electric
85,676,4,2,1,20,30,6,Gasoline
85,676,4,3,0,15,30,7,Electric
85,677,5,1,0,20,20,7,Electric
85,677,5,2,1,15,25,6,Gasoline
85,677,5,3,0,20,25,6,Gasoline
85,678,6,1,1,15,30,6,Electric
85,678,6,2,0,20,20,7,Gasoline
85,678,6,3,0,20,20,8,Gasoline
85,679,7,1,0,25,20,7,Gasoline
85,679,7,2,1,15,25,7,Gasoline
85,679,7,3,0,25,20,7,Electric
85,680,8,1,0,25,20,6,Electric
85,680,8,2,1,15,25,7,Gasoline
85,680,8,3,0,20,20,6,Gasoline
86,681,1,1,1,20,30,7,Electric
86,681,1,2,0,20,30,8,Gasoline
86,681,1,3,0,25,20,8,Gasoline
86,682,2,1,0,20,25,8,Gasoline
86,682,2,2,0,20,30,6,Gasoline
86,682,2,3,1,15,20,7,Gasoline
86,683,3,1,0,20,20,7,Electric
86,683,3,2,1,15,25,8,Electric
86,683,3,3,0,20,30,6,Electric
86,684,4,1,0,25,30,8,Electric
86,684,4,2,0,25,30,7,Electric
86,684,4,3,1,20,25,7,Gasoline
86,685,5,1,1,15,20,8,Electric
86,685,5,2,0,25,25,7,Electric
86,685,5,3,0,20,30,8,Electric
86,686,6,1,0,25,30,7,Gasoline
86,686,6,2,1,15,30,7,Electric
86,686,6,3,0,20,25,8,Gasoline
86,687,7,1,1,15,25,6,Gasoline
86,687,7,2,0,20,20,7,Gasoline
86,687,7,3,0,15,25,7,Electric
86,688,8,1,1,15,25,7,Electric
86,688,8,2,0,20,30,8,Gasoline
86,688,8,3,0,25,25,6,Electric
87,689,1,1,1,15,30,7,Gasoline
87,689,1,2,0,25,30,8,Gasoline
87,689,1,3,0,20,25,6,Gasoline
87,690,2,1,0,20,20,8,Gasoline
87,690,2,2,0,15,20,7,Gasoline
87,690,2,3,1,15,20,8,Gasoline
87,691,3,1,1,15,25,7,Gasoline
87,691,3,2,0,20,25,7,Electric
87,691,3,3,0,15,25,8,Electric
87,692,4,1,1,15,20,8,Gasoline
87,692,4,2,0,15,25,6,Electric
87,692,4,3,0,20,20,6,Gasoline
87,693,5,1,0,20,25,7,Electric
87,693,5,2,0,25,20,7,Gasoline
87,693,5,3,1,20,30,6,Electric
87,694,6,1,0,25,20,7,Electric
87,694,6,2,1,15,30,7,Electric
87,694,6,3,0,15,30,6,Electric
87,695,7,1,0,25,25,6,Gasoline
87,695,7,2,0,25,20,8,Gasoline
87,695,7,3,1,15,25,6,Gasoline
87,696,8,1,0,20,20,6,Electric
87,696,8,2,1,15,30,7,Gasoline
87,696,8,3,0,25,25,8,Electric
88,697,1,1,0,20,30,8,Electric
88,697,1,2,1,15,20,7,Gasoline
88,697,1,3,0,20,25,7,Electric
88,698,2,1,0,25,25,7,Electric
88,698,2,2,0,25,30,6,Electric
88,698,2,3,1,20,20,8,Gasoline
88,699,3,1,1,20,30,8,Gasoline
88,699,3,2,0,25,30,6,Gasoline
88,699,3,3,0,20,30,6,Electric
88,700,4,1,0,25,30,7,Gasoline
88,700,4,2,1,15,20,6,Electric
88,700,4,3,0,25,20,8,Electric
88,701,5,1,1,15,30,6,Gasoline
88,701,5,2,0,15,30,8,Gasoline
88,701,5,3,0,15,30,8,Electric
88,702,6,1,0,20,20,8,Electric
88,702,6,2,0,25,25,8,Gasoline
88,702,6,3,1,25,20,8,Gasoline
88,703,7,1,0,25,25,6,Electric
88,703,7,2,1,15,25,6,Gasoline
88,703,7,3,0,15,30,7,Electric
88,704,8,1,0,20,20,8,Gasoline
88,704,8,2,0,25,20,6,Gasoline
88,704,8,3,1,15,30,7,Gasoline
89,705,1,1,1,15,20,8,Gasoline
89,705,1,2,0,25,25,7,Electric
89,705,1,3,0,25,25,6,Gasoline
89,706,2,1,0,25,30,6,Electric
89,706,2,2,0,15,20,6,Electric
89,706,2,3,1,20,30,6,Gasoline
89,707,3,1,1,15,25,6,Gasoline
89,707,3,2,0,15,30,8,Electric
89,707,3,3,0,15,20,8,Gasoline
89,708,4,1,1,15,25,7,Electric
89,708,4,2,0,20,25,8,Electric
89,708,4,3,0,20,25,7,Gasoline
89,709,5,1,1,15,20,6,Gasoline
89,709,5,2,0,25,25,8,Electric
89,709,5,3,0,25,25,8,Gasoline
89,710,6,1,0,20,20,8,Electric
89,710,6,2,0,15,25,7,Electric
89,710,6,3,1,15,20,6,Gasoline
89,711,7,1,0,20,25,8,Electric
89,711,7,2,0,25,25,8,Electric
89,711,7,3,1,20,25,8,Gasoline
89,712,8,1,0,20,25,8,Electric
89,712,8,2,1,15,30,7,Gasoline
89,712,8,3,0,25,30,8,Gasoline
90,713,1,1,1,25,25,8,Gasoline
90,713,1,2,0,25,25,7,Electric
90,713,1,3,0,25,30,8,Electric
90,714,2,1,0,25,20,6,Electric
90,714,2,2,1,15,25,8,Gasoline
90,714,2,3,0,15,25,6,Gasoline
90,715,3,1,1,15,20,7,Gasoline
90,715,3,2,0,20,25,7,Electric
90,715,3,3,0,15,20,7,Electric
90,716,4,1,1,20,30,6,Gasoline
90,716,4,2,0,25,30,7,Electric
90,716,4,3,0,25,30,6,Gasoline
90,717,5,1,1,15,30,8,Electric
90,717,5,2,0,20,25,6,Electric
90,717,5,3,0,20,30,7,Electric
90,718,6,1,0,25,25,7,Gasoline
90,718,6,2,0,25,30,8,Gasoline
90,718,6,3,1,20,20,8,Gasoline
90,719,7,1,1,15,25,7,Electric
90,719,7,2,0,20,20,6,Electric
90,719,7,3,0,20,25,8,Electric
90,720,8,1,0,25,30,8,Gasoline
90,720,8,2,1,15,25,7,Electric
90,720,8,3,0,25,30,7,Gasoline
91,721,1,1,0,25,20,6,Electric
91,721,1,2,0,25,20,8,Electric
91,721,1,3,1,15,20,6,Gasoline
91,722,2,1,0,25,30,7,Electric
91,722,2,2,0,20,20,7,Electric
91,722,2,3,1,25,20,8,Gasoline
91,723,3,1,0,20,20,7,Electric
91,723,3,2,1,20,25,6,Gasoline
91,723,3,3,0,25,30,8,Electric
91,724,4,1,0,15,20,6,Gasoline
91,724,4,2,0,20,20,6,Electric
91,724,4,3,1,15,30,6,Gasoline
91,725,5,1,1,15,25,6,Gasoline
91,725,5,2,0,20,20,8,Gasoline
91,725,5,3,0,15,30,6,Electric
91,726,6,1,0,20,25,6,Gasoline
91,726,6,2,0,25,25,8,Gasoline
91,726,6,3,1,20,20,8,Gasoline
91,727,7,1,0,15,30,7,Electric
91,727,7,2,1,15,30,7,Gasoline
91,727,7,3,0,15,20,8,Electric
91,728,8,1,1,20,25,7,Gasoline
91,728,8,2,0,25,20,8,Electric
91,728,8,3,0,25,25,6,Electric
92,729,1,1,0,25,30,6,Gasoline
92,729,1,2,1,15,20,8,Electric
92,729,1,3,0,15,20,7,Electric
92,730,2,1,1,20,30,7,Electric
92,730,2,2,0,20,25,7,Electric
92,730,2,3,0,25,20,8,Electric
92,731,3,1,0,25,20,8,Gasoline
92,731,3,2,0,15,30,6,Electric
92,731,3,3,1,15,20,8,Gasoline
92,732,4,1,0,20,25,8,Gasoline
92,732,4,2,0,15,25,8,Electric
92,732,4,3,1,15,25,8,Gasoline
92,733,5,1,0,25,30,7,Electric
92,733,5,2,1,20,20,6,Electric
92,733,5,3,0,25,25,6,Electric
92,734,6,1,0,25,25,8,Electric
92,734,6,2,0,20,20,6,Electric
92,734,6,3,1,15,25,8,Gasoline
92,735,7,1,1,20,20,8,Gasoline
92,735,7,2,0,20,20,7,Gasoline
92,735,7,3,0,20,25,7,Gasoline
92,736,8,1,0,25,30,6,Gasoline
92,736,8,2,0,20,25,6,Gasoline
92,736,8,3,1,15,30,6,Gasoline
93,737,1,1,0,25,20,8,Electric
93,737,1,2,0,20,30,7,Electric
93,737,1,3,1,25,25,6,Gasoline
93,738,2,1,0,20,20,7,Electric
93,738,2,2,1,20,25,6,Gasoline
93,738,2,3,0,20,30,6,Electric
93,739,3,1,0,15,20,6,Electric
93,739,3,2,0,20,20,8,Electric
93,739,3,3,1,20,25,7,Gasoline
93,740,4,1,0,20,20,7,Electric
93,740,4,2,1,20,25,7,Gasoline
93,740,4,3,0,20,30,7,Electric
93,741,5,1,0,25,25,6,Gasoline
93,741,5,2,0,25,25,7,Gasoline
93,741,5,3,1,15,20,8,Gasoline
93,742,6,1,1,20,25,8,Electric
93,742,6,2,0,25,30,8,Electric
93,742,6,3,0,25,25,6,Electric
93,743,7,1,0,15,30,7,Gasoline
93,743,7,2,1,15,25,6,Gasoline
93,743,7,3,0,25,30,8,Gasoline
93,744,8,1,1,15,20,8,Electric
93,744,8,2,0,15,20,7,Electric
93,744,8,3,0,25,25,7,Gasoline
94,745,1,1,1,15,20,7,Gasoline
94,745,1,2,0,25,20,8,Electric
94,745,1,3,0,20,20,8,Electric
94,746,2,1,0,20,20,6,Gasoline
94,746,2,2,1,15,20,6,Electric
94,746,2,3,0,20,20,7,Gasoline
94,747,3,1,0,25,20,8,Gasoline
94,747,3,2,1,20,30,6,Electric
94,747,3,3,0,25,20,7,Electric
94,748,4,1,0,25,30,8,Gasoline
94,748,4,2,1,15,25,6,Electric
94,748,4,3,0,25,20,6,Electric
94,749,5,1,1,15,30,6,Gasoline
94,749,5,2,0,15,30,6,Electric
94,749,5,3,0,20,30,7,Electric
94,750,6,1,0,25,30,8,Gasoline
94,750,6,2,1,15,25,6,Gasoline
94,750,6,3,0,15,30,7,Gasoline
94,751,7,1,1,15,30,7,Gasoline
94,751,7,2,0,15,30,6,Electric
94,751,7,3,0,25,20,7,Electric
94,752,8,1,0,20,30,8,Electric
94,752,8,2,1,15,25,6,Gasoline
94,752,8,3,0,25,25,7,Gasoline
95,753,1,1,1,20,30,7,Electric
95,753,1,2,0,25,20,6,Electric
95,753,1,3,0,25,20,8,Electric
95,754,2,1,0,20,25,7,Gasoline
95,754,2,2,1,15,25,7,Gasoline
95,754,2,3,0,25,25,8,Gasoline
95,755,3,1,0,25,20,8,Electric
95,755,3,2,0,25,20,6,Electric
95,755,3,3,1,20,30,7,Gasoline
95,756,4,1,1,25,25,7,Gasoline
95,756,4,2,0,25,30,6,Electric
95,756,4,3,0,25,30,8,Gasoline
95,757,5,1,0,25,20,8,Gasoline
95,757,5,2,1,15,20,7,Gasoline
95,757,5,3,0,15,20,6,Electric
95,758,6,1,0,20,25,6,Electric
95,758,6,2,1,20,20,8,Gasoline
95,758,6,3,0,20,20,7,Electric
95,759,7,1,0,20,20,7,Gasoline
95,759,7,2,0,20,25,8,Gasoline
95,759,7,3,1,15,30,7,Gasoline
95,760,8,1,0,25,20,8,Gasoline
95,760,8,2,1,15,25,7,Gasoline
95,760,8,3,0,20,20,7,Electric
96,761,1,1,1,15,30,8,Gasoline
96,761,1,2,0,15,25,8,Electric
96,761,1,3,0,20,30,6,Electric
96,762,2,1,0,25,30,8,Gasoline
96,762,2,2,0,25,30,7,Electric
96,762,2,3,1,25,20,8,Gasoline
96,763,3,1,0,20,30,8,Electric
96,763,3,2,0,25,20,8,Gasoline
96,763,3,3,1,25,30,7,Gasoline
96,764,4,1,0,25,20,6,Electric
96,764,4,2,1,20,20,8,Gasoline
96,764,4,3,0,25,20,7,Electric
96,765,5,1,0,25,30,7,Electric
96,765,5,2,0,25,20,7,Electric
96,765,5,3,1,20,25,7,Gasoline
96,766,6,1,0,25,20,7,Electric
96,766,6,2,1,25,20,6,Gasoline
96,766,6,3,0,25,30,7,Electric
96,767,7,1,0,25,30,6,Gasoline
96,767,7,2,1,20,25,7,Gasoline
96,767,7,3,0,20,20,6,Electric
96,768,8,1,0,25,30,8,Gasoline
96,768,8,2,1,15,30,8,Gasoline
96,768,8,3,0,15,20,6,Electric
97,769,1,1,1,20,20,8,Gasoline
97,769,1,2,0,20,25,8,Gasoline
97,769,1,3,0,25,25,7,Electric
97,770,2,1,1,20,25,8,Gasoline
97,770,2,2,0,25,25,8,Gasoline
97,770,2,3,0,20,20,7,Gasoline
97,771,3,1,1,20,30,6,Gasoline
97,771,3,2,0,15,30,8,Electric
97,771,3,3,0,25,20,6,Electric
97,772,4,1,0,20,20,7,Gasoline
97,772,4,2,0,25,30,7,Gasoline
97,772,4,3,1,15,25,8,Gasoline
97,773,5,1,0,15,30,8,Electric
97,773,5,2,0,20,30,8,Electric
97,773,5,3,1,20,25,7,Gasoline
97,774,6,1,0,20,30,6,Gasoline
97,774,6,2,0,25,30,8,Electric
97,774,6,3,1,15,30,6,Gasoline
97,775,7,1,0,25,20,6,Electric
97,775,7,2,1,15,25,6,Gasoline
97,775,7,3,0,20,20,6,Electric
97,776,8,1,0,25,25,7,Electric
97,776,8,2,1,15,25,8,Gasoline
97,776,8,3,0,20,25,7,Electric
98,777,1,1,0,25,25,6,Electric
98,777,1,2,0,20,30,7,Gasoline
98,777,1,3,1,20,30,6,Gasoline
98,778,2,1,0,20,20,6,Gasoline
98,778,2,2,1,15,20,7,Gasoline
98,778,2,3,0,20,25,6,Electric
98,779,3,1,0,20,20,8,Electric
98,779,3,2,0,20,25,7,Electric
98,779,3,3,1,15,30,8,Gasoline
98,780,4,1,0,15,25,8,Gasoline
98,780,4,2,0,20,30,8,Electric
98,780,4,3,1,15,30,6,Gasoline
98,781,5,1,1,15,30,6,Gasoline
98,781,5,2,0,20,20,6,Electric
98,781,5,3,0,15,25,7,Electric
98,782,6,1,0,20,30,8,Electric
98,782,6,2,0,25,20,7,Electric
98,782,6,3,1,15,30,8,Gasoline
98,783,7,1,0,20,25,7,Gasoline
98,783,7,2,1,15,30,8,Electric
98,783,7,3,0,20,20,7,Electric
98,784,8,1,1,20,30,6,Electric
98,784,8,2,0,25,25,6,Electric
98,784,8,3,0,25,25,6,Gasoline
99,785,1,1,0,25,30,6,Gasoline
99,785,1,2,1,15,25,6,Electric
99,785,1,3,0,20,30,6,Electric
99,786,2,1,0,25,30,8,Electric
99,786,2,2,1,15,25,7,Gasoline
99,786,2,3,0,20,25,8,Gasoline
99,787,3,1,0,25,30,6,Electric
99,787,3,2,1,15,25,6,Gasoline
99,787,3,3,0,20,20,7,Gasoline
99,788,4,1,0,25,30,7,Gasoline
99,788,4,2,1,20,25,6,Gasoline
99,788,4,3,0,20,30,8,Gasoline
99,789,5,1,0,20,30,6,Electric
99,789,5,2,0,15,20,6,Electric
99,789,5,3,1,15,25,7,Electric
99,790,6,1,0,25,20,7,Gasoline
99,790,6,2,1,20,30,7,Gasoline
99,790,6,3,0,20,25,8,Electric
99,791,7,1,1,25,20,8,Electric
99,791,7,2,0,25,25,8,Electric
99,791,7,3,0,25,30,8,Electric
99,792,8,1,1,15,25,8,Electric
99,792,8,2,0,25,30,8,Electric
99,792,8,3,0,25,30,6,Electric
100,793,1,1,1,15,30,7,Electric
100,793,1,2,0,15,25,8,Electric
100,793,1,3,0,25,30,7,Electric
100,794,2,1,0,20,30,8,Gasoline
100,794,2,2,1,20,25,8,Gasoline
100,794,2,3,0,25,20,6,Electric
100,795,3,1,0,25,25,8,Gasoline
100,795,3,2,0,15,25,8,Electric
100,795,3,3,1,15,30,7,Gasoline
100,796,4,1,1,25,30,8,Gasoline
100,796,4,2,0,15,20,8,Electric
100,796,4,3,0,25,30,8,Electric
100,797,5,1,0,15,20,8,Gasoline
100,797,5,2,0,25,25,6,Electric
100,797,5,3,1,15,25,7,Gasoline
100,798,6,1,0,25,25,8,Electric
100,798,6,2,1,25,30,6,Gasoline
100,798,6,3,0,15,20,8,Electric
100,799,7,1,0,25,30,8,Electric
100,799,7,2,1,15,30,7,Gasoline
100,799,7,3,0,20,20,7,Gasoline
100,800,8,1,0,15,20,6,Electric
100,800,8,2,0,25,20,7,Electric
100,800,8,3,1,20,25,6,Gasoline
